source_family,signal_type,series_id,published_industry_code,target_industry_code,mapping_relationship,observation_date,value,units,seasonal_adjustment,base_period,release_period,source
bls_ces,employment_count,CES3133110001,3311,331110,broader_published,2024-01-01,84.1,Thousands of employees,Seasonally adjusted,,2026-06,U.S. Bureau of Labor Statistics Current Employment Statistics
bls_ces,employment_count,CES3133110001,3311,331110,broader_published,2024-02-01,85.5,Thousands of employees,Seasonally adjusted,,2026-06,U.S. Bureau of Labor Statistics Current Employment Statistics
bls_ces,employment_count,CES3133110001,3311,331110,broader_published,2024-03-01,85.6,Thousands of employees,Seasonally adjusted,,2026-06,U.S. Bureau of Labor Statistics Current Employment Statistics
bls_ces,employment_count,CES3133110001,3311,331110,broader_published,2024-04-01,87,Thousands of employees,Seasonally adjusted,,2026-06,U.S. Bureau of Labor Statistics Current Employment Statistics
bls_ces,employment_count,CES3133110001,3311,331110,broader_published,2024-05-01,86.3,Thousands of employees,Seasonally adjusted,,2026-06,U.S. Bureau of Labor Statistics Current Employment Statistics
bls_ces,employment_count,CES3133110001,3311,331110,broader_published,2024-06-01,85.9,Thousands of employees,Seasonally adjusted,,2026-06,U.S. Bureau of Labor Statistics Current Employment Statistics
bls_ces,employment_count,CES3133110001,3311,331110,broader_published,2024-07-01,85.3,Thousands of employees,Seasonally adjusted,,2026-06,U.S. Bureau of Labor Statistics Current Employment Statistics
bls_ces,employment_count,CES3133110001,3311,331110,broader_published,2024-08-01,85.1,Thousands of employees,Seasonally adjusted,,2026-06,U.S. Bureau of Labor Statistics Current Employment Statistics
bls_ces,employment_count,CES3133110001,3311,331110,broader_published,2024-09-01,83.8,Thousands of employees,Seasonally adjusted,,2026-06,U.S. Bureau of Labor Statistics Current Employment Statistics
bls_ces,employment_count,CES3133110001,3311,331110,broader_published,2024-10-01,84.3,Thousands of employees,Seasonally adjusted,,2026-06,U.S. Bureau of Labor Statistics Current Employment Statistics
bls_ces,employment_count,CES3133110001,3311,331110,broader_published,2024-11-01,84.1,Thousands of employees,Seasonally adjusted,,2026-06,U.S. Bureau of Labor Statistics Current Employment Statistics
bls_ces,employment_count,CES3133110001,3311,331110,broader_published,2024-12-01,84.2,Thousands of employees,Seasonally adjusted,,2026-06,U.S. Bureau of Labor Statistics Current Employment Statistics
bls_ces,employment_count,CES3133110001,3311,331110,broader_published,2025-01-01,84,Thousands of employees,Seasonally adjusted,,2026-06,U.S. Bureau of Labor Statistics Current Employment Statistics
bls_ces,employment_count,CES3133110001,3311,331110,broader_published,2025-02-01,84.2,Thousands of employees,Seasonally adjusted,,2026-06,U.S. Bureau of Labor Statistics Current Employment Statistics
bls_ces,employment_count,CES3133110001,3311,331110,broader_published,2025-03-01,84.5,Thousands of employees,Seasonally adjusted,,2026-06,U.S. Bureau of Labor Statistics Current Employment Statistics
bls_ces,employment_count,CES3133110001,3311,331110,broader_published,2025-04-01,84.5,Thousands of employees,Seasonally adjusted,,2026-06,U.S. Bureau of Labor Statistics Current Employment Statistics
bls_ces,employment_count,CES3133110001,3311,331110,broader_published,2025-05-01,84.5,Thousands of employees,Seasonally adjusted,,2026-06,U.S. Bureau of Labor Statistics Current Employment Statistics
bls_ces,employment_count,CES3133110001,3311,331110,broader_published,2025-06-01,84.9,Thousands of employees,Seasonally adjusted,,2026-06,U.S. Bureau of Labor Statistics Current Employment Statistics
bls_ces,employment_count,CES3133110001,3311,331110,broader_published,2025-07-01,84.9,Thousands of employees,Seasonally adjusted,,2026-06,U.S. Bureau of Labor Statistics Current Employment Statistics
bls_ces,employment_count,CES3133110001,3311,331110,broader_published,2025-08-01,84.9,Thousands of employees,Seasonally adjusted,,2026-06,U.S. Bureau of Labor Statistics Current Employment Statistics
bls_ces,employment_count,CES3133110001,3311,331110,broader_published,2025-09-01,85.5,Thousands of employees,Seasonally adjusted,,2026-06,U.S. Bureau of Labor Statistics Current Employment Statistics
bls_ces,employment_count,CES3133110001,3311,331110,broader_published,2025-10-01,85.6,Thousands of employees,Seasonally adjusted,,2026-06,U.S. Bureau of Labor Statistics Current Employment Statistics
bls_ces,employment_count,CES3133110001,3311,331110,broader_published,2025-11-01,84.7,Thousands of employees,Seasonally adjusted,,2026-06,U.S. Bureau of Labor Statistics Current Employment Statistics
bls_ces,employment_count,CES3133110001,3311,331110,broader_published,2025-12-01,85,Thousands of employees,Seasonally adjusted,,2026-06,U.S. Bureau of Labor Statistics Current Employment Statistics
bls_ces,employment_count,CES3133110001,3311,331110,broader_published,2026-01-01,85.1,Thousands of employees,Seasonally adjusted,,2026-06,U.S. Bureau of Labor Statistics Current Employment Statistics
bls_ces,employment_count,CES3133110001,3311,331110,broader_published,2026-02-01,84.8,Thousands of employees,Seasonally adjusted,,2026-06,U.S. Bureau of Labor Statistics Current Employment Statistics
bls_ces,employment_count,CES3133110001,3311,331110,broader_published,2026-03-01,84.4,Thousands of employees,Seasonally adjusted,,2026-06,U.S. Bureau of Labor Statistics Current Employment Statistics
bls_ces,employment_count,CES3133110001,3311,331110,broader_published,2026-04-01,84.3,Thousands of employees,Seasonally adjusted,,2026-06,U.S. Bureau of Labor Statistics Current Employment Statistics
bls_ces,employment_count,CES3133110001,3311,331110,broader_published,2026-05-01,84.7,Thousands of employees,Seasonally adjusted,,2026-06,U.S. Bureau of Labor Statistics Current Employment Statistics
bls_ces,employment_count,CES3133110001,3311,331110,broader_published,2026-06-01,84.8,Thousands of employees,Seasonally adjusted,,2026-06,U.S. Bureau of Labor Statistics Current Employment Statistics
bls_ces,employment_count,CES3133411101,334111,334111,exact,2024-01-01,65.3,Thousands of employees,Seasonally adjusted,,2026-06,U.S. Bureau of Labor Statistics Current Employment Statistics
bls_ces,employment_count,CES3133411101,334111,334111,exact,2024-02-01,64.5,Thousands of employees,Seasonally adjusted,,2026-06,U.S. Bureau of Labor Statistics Current Employment Statistics
bls_ces,employment_count,CES3133411101,334111,334111,exact,2024-03-01,63.6,Thousands of employees,Seasonally adjusted,,2026-06,U.S. Bureau of Labor Statistics Current Employment Statistics
bls_ces,employment_count,CES3133411101,334111,334111,exact,2024-04-01,63.4,Thousands of employees,Seasonally adjusted,,2026-06,U.S. Bureau of Labor Statistics Current Employment Statistics
bls_ces,employment_count,CES3133411101,334111,334111,exact,2024-05-01,63.2,Thousands of employees,Seasonally adjusted,,2026-06,U.S. Bureau of Labor Statistics Current Employment Statistics
bls_ces,employment_count,CES3133411101,334111,334111,exact,2024-06-01,62.1,Thousands of employees,Seasonally adjusted,,2026-06,U.S. Bureau of Labor Statistics Current Employment Statistics
bls_ces,employment_count,CES3133411101,334111,334111,exact,2024-07-01,62,Thousands of employees,Seasonally adjusted,,2026-06,U.S. Bureau of Labor Statistics Current Employment Statistics
bls_ces,employment_count,CES3133411101,334111,334111,exact,2024-08-01,61.4,Thousands of employees,Seasonally adjusted,,2026-06,U.S. Bureau of Labor Statistics Current Employment Statistics
bls_ces,employment_count,CES3133411101,334111,334111,exact,2024-09-01,61.1,Thousands of employees,Seasonally adjusted,,2026-06,U.S. Bureau of Labor Statistics Current Employment Statistics
bls_ces,employment_count,CES3133411101,334111,334111,exact,2024-10-01,60.6,Thousands of employees,Seasonally adjusted,,2026-06,U.S. Bureau of Labor Statistics Current Employment Statistics
bls_ces,employment_count,CES3133411101,334111,334111,exact,2024-11-01,60.1,Thousands of employees,Seasonally adjusted,,2026-06,U.S. Bureau of Labor Statistics Current Employment Statistics
bls_ces,employment_count,CES3133411101,334111,334111,exact,2024-12-01,59.6,Thousands of employees,Seasonally adjusted,,2026-06,U.S. Bureau of Labor Statistics Current Employment Statistics
bls_ces,employment_count,CES3133411101,334111,334111,exact,2025-01-01,59,Thousands of employees,Seasonally adjusted,,2026-06,U.S. Bureau of Labor Statistics Current Employment Statistics
bls_ces,employment_count,CES3133411101,334111,334111,exact,2025-02-01,58.7,Thousands of employees,Seasonally adjusted,,2026-06,U.S. Bureau of Labor Statistics Current Employment Statistics
bls_ces,employment_count,CES3133411101,334111,334111,exact,2025-03-01,58.2,Thousands of employees,Seasonally adjusted,,2026-06,U.S. Bureau of Labor Statistics Current Employment Statistics
bls_ces,employment_count,CES3133411101,334111,334111,exact,2025-04-01,57.6,Thousands of employees,Seasonally adjusted,,2026-06,U.S. Bureau of Labor Statistics Current Employment Statistics
bls_ces,employment_count,CES3133411101,334111,334111,exact,2025-05-01,57.3,Thousands of employees,Seasonally adjusted,,2026-06,U.S. Bureau of Labor Statistics Current Employment Statistics
bls_ces,employment_count,CES3133411101,334111,334111,exact,2025-06-01,57.4,Thousands of employees,Seasonally adjusted,,2026-06,U.S. Bureau of Labor Statistics Current Employment Statistics
bls_ces,employment_count,CES3133411101,334111,334111,exact,2025-07-01,57.3,Thousands of employees,Seasonally adjusted,,2026-06,U.S. Bureau of Labor Statistics Current Employment Statistics
bls_ces,employment_count,CES3133411101,334111,334111,exact,2025-08-01,57.7,Thousands of employees,Seasonally adjusted,,2026-06,U.S. Bureau of Labor Statistics Current Employment Statistics
bls_ces,employment_count,CES3133411101,334111,334111,exact,2025-09-01,57.6,Thousands of employees,Seasonally adjusted,,2026-06,U.S. Bureau of Labor Statistics Current Employment Statistics
bls_ces,employment_count,CES3133411101,334111,334111,exact,2025-10-01,55.5,Thousands of employees,Seasonally adjusted,,2026-06,U.S. Bureau of Labor Statistics Current Employment Statistics
bls_ces,employment_count,CES3133411101,334111,334111,exact,2025-11-01,56.5,Thousands of employees,Seasonally adjusted,,2026-06,U.S. Bureau of Labor Statistics Current Employment Statistics
bls_ces,employment_count,CES3133411101,334111,334111,exact,2025-12-01,56.4,Thousands of employees,Seasonally adjusted,,2026-06,U.S. Bureau of Labor Statistics Current Employment Statistics
bls_ces,employment_count,CES3133411101,334111,334111,exact,2026-01-01,56.6,Thousands of employees,Seasonally adjusted,,2026-06,U.S. Bureau of Labor Statistics Current Employment Statistics
bls_ces,employment_count,CES3133411101,334111,334111,exact,2026-02-01,57.1,Thousands of employees,Seasonally adjusted,,2026-06,U.S. Bureau of Labor Statistics Current Employment Statistics
bls_ces,employment_count,CES3133411101,334111,334111,exact,2026-03-01,57.9,Thousands of employees,Seasonally adjusted,,2026-06,U.S. Bureau of Labor Statistics Current Employment Statistics
bls_ces,employment_count,CES3133411101,334111,334111,exact,2026-04-01,58.4,Thousands of employees,Seasonally adjusted,,2026-06,U.S. Bureau of Labor Statistics Current Employment Statistics
bls_ces,employment_count,CES3133411101,334111,334111,exact,2026-05-01,58.6,Thousands of employees,Seasonally adjusted,,2026-06,U.S. Bureau of Labor Statistics Current Employment Statistics
bls_ces,employment_count,CES3133411101,334111,334111,exact,2026-06-01,58.4,Thousands of employees,Seasonally adjusted,,2026-06,U.S. Bureau of Labor Statistics Current Employment Statistics
bls_ces,employment_count,CES3133610001,3361,336110,broader_published,2024-01-01,298.9,Thousands of employees,Seasonally adjusted,,2026-06,U.S. Bureau of Labor Statistics Current Employment Statistics
bls_ces,employment_count,CES3133610001,3361,336110,broader_published,2024-02-01,297.4,Thousands of employees,Seasonally adjusted,,2026-06,U.S. Bureau of Labor Statistics Current Employment Statistics
bls_ces,employment_count,CES3133610001,3361,336110,broader_published,2024-03-01,297.4,Thousands of employees,Seasonally adjusted,,2026-06,U.S. Bureau of Labor Statistics Current Employment Statistics
bls_ces,employment_count,CES3133610001,3361,336110,broader_published,2024-04-01,296.6,Thousands of employees,Seasonally adjusted,,2026-06,U.S. Bureau of Labor Statistics Current Employment Statistics
bls_ces,employment_count,CES3133610001,3361,336110,broader_published,2024-05-01,296.9,Thousands of employees,Seasonally adjusted,,2026-06,U.S. Bureau of Labor Statistics Current Employment Statistics
bls_ces,employment_count,CES3133610001,3361,336110,broader_published,2024-06-01,298.2,Thousands of employees,Seasonally adjusted,,2026-06,U.S. Bureau of Labor Statistics Current Employment Statistics
bls_ces,employment_count,CES3133610001,3361,336110,broader_published,2024-07-01,303.4,Thousands of employees,Seasonally adjusted,,2026-06,U.S. Bureau of Labor Statistics Current Employment Statistics
bls_ces,employment_count,CES3133610001,3361,336110,broader_published,2024-08-01,300.1,Thousands of employees,Seasonally adjusted,,2026-06,U.S. Bureau of Labor Statistics Current Employment Statistics
bls_ces,employment_count,CES3133610001,3361,336110,broader_published,2024-09-01,297.5,Thousands of employees,Seasonally adjusted,,2026-06,U.S. Bureau of Labor Statistics Current Employment Statistics
bls_ces,employment_count,CES3133610001,3361,336110,broader_published,2024-10-01,297.7,Thousands of employees,Seasonally adjusted,,2026-06,U.S. Bureau of Labor Statistics Current Employment Statistics
bls_ces,employment_count,CES3133610001,3361,336110,broader_published,2024-11-01,297.1,Thousands of employees,Seasonally adjusted,,2026-06,U.S. Bureau of Labor Statistics Current Employment Statistics
bls_ces,employment_count,CES3133610001,3361,336110,broader_published,2024-12-01,292.9,Thousands of employees,Seasonally adjusted,,2026-06,U.S. Bureau of Labor Statistics Current Employment Statistics
bls_ces,employment_count,CES3133610001,3361,336110,broader_published,2025-01-01,284.4,Thousands of employees,Seasonally adjusted,,2026-06,U.S. Bureau of Labor Statistics Current Employment Statistics
bls_ces,employment_count,CES3133610001,3361,336110,broader_published,2025-02-01,288.8,Thousands of employees,Seasonally adjusted,,2026-06,U.S. Bureau of Labor Statistics Current Employment Statistics
bls_ces,employment_count,CES3133610001,3361,336110,broader_published,2025-03-01,285.6,Thousands of employees,Seasonally adjusted,,2026-06,U.S. Bureau of Labor Statistics Current Employment Statistics
bls_ces,employment_count,CES3133610001,3361,336110,broader_published,2025-04-01,284,Thousands of employees,Seasonally adjusted,,2026-06,U.S. Bureau of Labor Statistics Current Employment Statistics
bls_ces,employment_count,CES3133610001,3361,336110,broader_published,2025-05-01,289.8,Thousands of employees,Seasonally adjusted,,2026-06,U.S. Bureau of Labor Statistics Current Employment Statistics
bls_ces,employment_count,CES3133610001,3361,336110,broader_published,2025-06-01,288.1,Thousands of employees,Seasonally adjusted,,2026-06,U.S. Bureau of Labor Statistics Current Employment Statistics
bls_ces,employment_count,CES3133610001,3361,336110,broader_published,2025-07-01,290.2,Thousands of employees,Seasonally adjusted,,2026-06,U.S. Bureau of Labor Statistics Current Employment Statistics
bls_ces,employment_count,CES3133610001,3361,336110,broader_published,2025-08-01,286,Thousands of employees,Seasonally adjusted,,2026-06,U.S. Bureau of Labor Statistics Current Employment Statistics
bls_ces,employment_count,CES3133610001,3361,336110,broader_published,2025-09-01,284.4,Thousands of employees,Seasonally adjusted,,2026-06,U.S. Bureau of Labor Statistics Current Employment Statistics
bls_ces,employment_count,CES3133610001,3361,336110,broader_published,2025-10-01,280,Thousands of employees,Seasonally adjusted,,2026-06,U.S. Bureau of Labor Statistics Current Employment Statistics
bls_ces,employment_count,CES3133610001,3361,336110,broader_published,2025-11-01,284.8,Thousands of employees,Seasonally adjusted,,2026-06,U.S. Bureau of Labor Statistics Current Employment Statistics
bls_ces,employment_count,CES3133610001,3361,336110,broader_published,2025-12-01,283.3,Thousands of employees,Seasonally adjusted,,2026-06,U.S. Bureau of Labor Statistics Current Employment Statistics
bls_ces,employment_count,CES3133610001,3361,336110,broader_published,2026-01-01,286.8,Thousands of employees,Seasonally adjusted,,2026-06,U.S. Bureau of Labor Statistics Current Employment Statistics
bls_ces,employment_count,CES3133610001,3361,336110,broader_published,2026-02-01,292.8,Thousands of employees,Seasonally adjusted,,2026-06,U.S. Bureau of Labor Statistics Current Employment Statistics
bls_ces,employment_count,CES3133610001,3361,336110,broader_published,2026-03-01,293.1,Thousands of employees,Seasonally adjusted,,2026-06,U.S. Bureau of Labor Statistics Current Employment Statistics
bls_ces,employment_count,CES3133610001,3361,336110,broader_published,2026-04-01,289.9,Thousands of employees,Seasonally adjusted,,2026-06,U.S. Bureau of Labor Statistics Current Employment Statistics
bls_ces,employment_count,CES3133610001,3361,336110,broader_published,2026-05-01,292.4,Thousands of employees,Seasonally adjusted,,2026-06,U.S. Bureau of Labor Statistics Current Employment Statistics
bls_ces,employment_count,CES3133610001,3361,336110,broader_published,2026-06-01,293.1,Thousands of employees,Seasonally adjusted,,2026-06,U.S. Bureau of Labor Statistics Current Employment Statistics
bls_ces,employment_count,CES3231110001,3111,311111,broader_published,2024-01-01,73.9,Thousands of employees,Seasonally adjusted,,2026-06,U.S. Bureau of Labor Statistics Current Employment Statistics
bls_ces,employment_count,CES3231110001,3111,311111,broader_published,2024-02-01,75,Thousands of employees,Seasonally adjusted,,2026-06,U.S. Bureau of Labor Statistics Current Employment Statistics
bls_ces,employment_count,CES3231110001,3111,311111,broader_published,2024-03-01,74.9,Thousands of employees,Seasonally adjusted,,2026-06,U.S. Bureau of Labor Statistics Current Employment Statistics
bls_ces,employment_count,CES3231110001,3111,311111,broader_published,2024-04-01,75,Thousands of employees,Seasonally adjusted,,2026-06,U.S. Bureau of Labor Statistics Current Employment Statistics
bls_ces,employment_count,CES3231110001,3111,311111,broader_published,2024-05-01,75.5,Thousands of employees,Seasonally adjusted,,2026-06,U.S. Bureau of Labor Statistics Current Employment Statistics
bls_ces,employment_count,CES3231110001,3111,311111,broader_published,2024-06-01,74.9,Thousands of employees,Seasonally adjusted,,2026-06,U.S. Bureau of Labor Statistics Current Employment Statistics
bls_ces,employment_count,CES3231110001,3111,311111,broader_published,2024-07-01,75.2,Thousands of employees,Seasonally adjusted,,2026-06,U.S. Bureau of Labor Statistics Current Employment Statistics
bls_ces,employment_count,CES3231110001,3111,311111,broader_published,2024-08-01,74.9,Thousands of employees,Seasonally adjusted,,2026-06,U.S. Bureau of Labor Statistics Current Employment Statistics
bls_ces,employment_count,CES3231110001,3111,311111,broader_published,2024-09-01,75.4,Thousands of employees,Seasonally adjusted,,2026-06,U.S. Bureau of Labor Statistics Current Employment Statistics
bls_ces,employment_count,CES3231110001,3111,311111,broader_published,2024-10-01,75.4,Thousands of employees,Seasonally adjusted,,2026-06,U.S. Bureau of Labor Statistics Current Employment Statistics
bls_ces,employment_count,CES3231110001,3111,311111,broader_published,2024-11-01,75.8,Thousands of employees,Seasonally adjusted,,2026-06,U.S. Bureau of Labor Statistics Current Employment Statistics
bls_ces,employment_count,CES3231110001,3111,311111,broader_published,2024-12-01,75.6,Thousands of employees,Seasonally adjusted,,2026-06,U.S. Bureau of Labor Statistics Current Employment Statistics
bls_ces,employment_count,CES3231110001,3111,311111,broader_published,2025-01-01,76,Thousands of employees,Seasonally adjusted,,2026-06,U.S. Bureau of Labor Statistics Current Employment Statistics
bls_ces,employment_count,CES3231110001,3111,311111,broader_published,2025-02-01,76.4,Thousands of employees,Seasonally adjusted,,2026-06,U.S. Bureau of Labor Statistics Current Employment Statistics
bls_ces,employment_count,CES3231110001,3111,311111,broader_published,2025-03-01,76.1,Thousands of employees,Seasonally adjusted,,2026-06,U.S. Bureau of Labor Statistics Current Employment Statistics
bls_ces,employment_count,CES3231110001,3111,311111,broader_published,2025-04-01,75.9,Thousands of employees,Seasonally adjusted,,2026-06,U.S. Bureau of Labor Statistics Current Employment Statistics
bls_ces,employment_count,CES3231110001,3111,311111,broader_published,2025-05-01,75.9,Thousands of employees,Seasonally adjusted,,2026-06,U.S. Bureau of Labor Statistics Current Employment Statistics
bls_ces,employment_count,CES3231110001,3111,311111,broader_published,2025-06-01,75.9,Thousands of employees,Seasonally adjusted,,2026-06,U.S. Bureau of Labor Statistics Current Employment Statistics
bls_ces,employment_count,CES3231110001,3111,311111,broader_published,2025-07-01,75.6,Thousands of employees,Seasonally adjusted,,2026-06,U.S. Bureau of Labor Statistics Current Employment Statistics
bls_ces,employment_count,CES3231110001,3111,311111,broader_published,2025-08-01,75.5,Thousands of employees,Seasonally adjusted,,2026-06,U.S. Bureau of Labor Statistics Current Employment Statistics
bls_ces,employment_count,CES3231110001,3111,311111,broader_published,2025-09-01,75.5,Thousands of employees,Seasonally adjusted,,2026-06,U.S. Bureau of Labor Statistics Current Employment Statistics
bls_ces,employment_count,CES3231110001,3111,311111,broader_published,2025-10-01,75.5,Thousands of employees,Seasonally adjusted,,2026-06,U.S. Bureau of Labor Statistics Current Employment Statistics
bls_ces,employment_count,CES3231110001,3111,311111,broader_published,2025-11-01,75.6,Thousands of employees,Seasonally adjusted,,2026-06,U.S. Bureau of Labor Statistics Current Employment Statistics
bls_ces,employment_count,CES3231110001,3111,311111,broader_published,2025-12-01,75.6,Thousands of employees,Seasonally adjusted,,2026-06,U.S. Bureau of Labor Statistics Current Employment Statistics
bls_ces,employment_count,CES3231110001,3111,311111,broader_published,2026-01-01,75.9,Thousands of employees,Seasonally adjusted,,2026-06,U.S. Bureau of Labor Statistics Current Employment Statistics
bls_ces,employment_count,CES3231110001,3111,311111,broader_published,2026-02-01,76.1,Thousands of employees,Seasonally adjusted,,2026-06,U.S. Bureau of Labor Statistics Current Employment Statistics
bls_ces,employment_count,CES3231110001,3111,311111,broader_published,2026-03-01,76.3,Thousands of employees,Seasonally adjusted,,2026-06,U.S. Bureau of Labor Statistics Current Employment Statistics
bls_ces,employment_count,CES3231110001,3111,311111,broader_published,2026-04-01,76.9,Thousands of employees,Seasonally adjusted,,2026-06,U.S. Bureau of Labor Statistics Current Employment Statistics
bls_ces,employment_count,CES3231110001,3111,311111,broader_published,2026-05-01,77.2,Thousands of employees,Seasonally adjusted,,2026-06,U.S. Bureau of Labor Statistics Current Employment Statistics
bls_ces,employment_count,CES3231110001,3111,311111,broader_published,2026-06-01,76.5,Thousands of employees,Seasonally adjusted,,2026-06,U.S. Bureau of Labor Statistics Current Employment Statistics
bls_ces,employment_count,CES3232210001,3221,322120,broader_published,2024-01-01,87.1,Thousands of employees,Seasonally adjusted,,2026-06,U.S. Bureau of Labor Statistics Current Employment Statistics
bls_ces,employment_count,CES3232210001,3221,322120,broader_published,2024-02-01,86.3,Thousands of employees,Seasonally adjusted,,2026-06,U.S. Bureau of Labor Statistics Current Employment Statistics
bls_ces,employment_count,CES3232210001,3221,322120,broader_published,2024-03-01,85.3,Thousands of employees,Seasonally adjusted,,2026-06,U.S. Bureau of Labor Statistics Current Employment Statistics
bls_ces,employment_count,CES3232210001,3221,322120,broader_published,2024-04-01,85.6,Thousands of employees,Seasonally adjusted,,2026-06,U.S. Bureau of Labor Statistics Current Employment Statistics
bls_ces,employment_count,CES3232210001,3221,322120,broader_published,2024-05-01,84.9,Thousands of employees,Seasonally adjusted,,2026-06,U.S. Bureau of Labor Statistics Current Employment Statistics
bls_ces,employment_count,CES3232210001,3221,322120,broader_published,2024-06-01,84.9,Thousands of employees,Seasonally adjusted,,2026-06,U.S. Bureau of Labor Statistics Current Employment Statistics
bls_ces,employment_count,CES3232210001,3221,322120,broader_published,2024-07-01,84.8,Thousands of employees,Seasonally adjusted,,2026-06,U.S. Bureau of Labor Statistics Current Employment Statistics
bls_ces,employment_count,CES3232210001,3221,322120,broader_published,2024-08-01,84.4,Thousands of employees,Seasonally adjusted,,2026-06,U.S. Bureau of Labor Statistics Current Employment Statistics
bls_ces,employment_count,CES3232210001,3221,322120,broader_published,2024-09-01,83.8,Thousands of employees,Seasonally adjusted,,2026-06,U.S. Bureau of Labor Statistics Current Employment Statistics
bls_ces,employment_count,CES3232210001,3221,322120,broader_published,2024-10-01,84,Thousands of employees,Seasonally adjusted,,2026-06,U.S. Bureau of Labor Statistics Current Employment Statistics
bls_ces,employment_count,CES3232210001,3221,322120,broader_published,2024-11-01,83.5,Thousands of employees,Seasonally adjusted,,2026-06,U.S. Bureau of Labor Statistics Current Employment Statistics
bls_ces,employment_count,CES3232210001,3221,322120,broader_published,2024-12-01,83.5,Thousands of employees,Seasonally adjusted,,2026-06,U.S. Bureau of Labor Statistics Current Employment Statistics
bls_ces,employment_count,CES3232210001,3221,322120,broader_published,2025-01-01,83.1,Thousands of employees,Seasonally adjusted,,2026-06,U.S. Bureau of Labor Statistics Current Employment Statistics
bls_ces,employment_count,CES3232210001,3221,322120,broader_published,2025-02-01,83,Thousands of employees,Seasonally adjusted,,2026-06,U.S. Bureau of Labor Statistics Current Employment Statistics
bls_ces,employment_count,CES3232210001,3221,322120,broader_published,2025-03-01,83,Thousands of employees,Seasonally adjusted,,2026-06,U.S. Bureau of Labor Statistics Current Employment Statistics
bls_ces,employment_count,CES3232210001,3221,322120,broader_published,2025-04-01,82.7,Thousands of employees,Seasonally adjusted,,2026-06,U.S. Bureau of Labor Statistics Current Employment Statistics
bls_ces,employment_count,CES3232210001,3221,322120,broader_published,2025-05-01,82.5,Thousands of employees,Seasonally adjusted,,2026-06,U.S. Bureau of Labor Statistics Current Employment Statistics
bls_ces,employment_count,CES3232210001,3221,322120,broader_published,2025-06-01,82.2,Thousands of employees,Seasonally adjusted,,2026-06,U.S. Bureau of Labor Statistics Current Employment Statistics
bls_ces,employment_count,CES3232210001,3221,322120,broader_published,2025-07-01,81.9,Thousands of employees,Seasonally adjusted,,2026-06,U.S. Bureau of Labor Statistics Current Employment Statistics
bls_ces,employment_count,CES3232210001,3221,322120,broader_published,2025-08-01,82.5,Thousands of employees,Seasonally adjusted,,2026-06,U.S. Bureau of Labor Statistics Current Employment Statistics
bls_ces,employment_count,CES3232210001,3221,322120,broader_published,2025-09-01,83,Thousands of employees,Seasonally adjusted,,2026-06,U.S. Bureau of Labor Statistics Current Employment Statistics
bls_ces,employment_count,CES3232210001,3221,322120,broader_published,2025-10-01,82,Thousands of employees,Seasonally adjusted,,2026-06,U.S. Bureau of Labor Statistics Current Employment Statistics
bls_ces,employment_count,CES3232210001,3221,322120,broader_published,2025-11-01,82.3,Thousands of employees,Seasonally adjusted,,2026-06,U.S. Bureau of Labor Statistics Current Employment Statistics
bls_ces,employment_count,CES3232210001,3221,322120,broader_published,2025-12-01,82.2,Thousands of employees,Seasonally adjusted,,2026-06,U.S. Bureau of Labor Statistics Current Employment Statistics
bls_ces,employment_count,CES3232210001,3221,322120,broader_published,2026-01-01,82,Thousands of employees,Seasonally adjusted,,2026-06,U.S. Bureau of Labor Statistics Current Employment Statistics
bls_ces,employment_count,CES3232210001,3221,322120,broader_published,2026-02-01,82.4,Thousands of employees,Seasonally adjusted,,2026-06,U.S. Bureau of Labor Statistics Current Employment Statistics
bls_ces,employment_count,CES3232210001,3221,322120,broader_published,2026-03-01,82.5,Thousands of employees,Seasonally adjusted,,2026-06,U.S. Bureau of Labor Statistics Current Employment Statistics
bls_ces,employment_count,CES3232210001,3221,322120,broader_published,2026-04-01,81.9,Thousands of employees,Seasonally adjusted,,2026-06,U.S. Bureau of Labor Statistics Current Employment Statistics
bls_ces,employment_count,CES3232210001,3221,322120,broader_published,2026-05-01,81.4,Thousands of employees,Seasonally adjusted,,2026-06,U.S. Bureau of Labor Statistics Current Employment Statistics
bls_ces,employment_count,CES3232210001,3221,322120,broader_published,2026-06-01,81.3,Thousands of employees,Seasonally adjusted,,2026-06,U.S. Bureau of Labor Statistics Current Employment Statistics
bls_ces,employment_count,CES3232521101,325211,325211,exact,2024-01-01,60.5,Thousands of employees,Seasonally adjusted,,2026-06,U.S. Bureau of Labor Statistics Current Employment Statistics
bls_ces,employment_count,CES3232521101,325211,325211,exact,2024-02-01,61.1,Thousands of employees,Seasonally adjusted,,2026-06,U.S. Bureau of Labor Statistics Current Employment Statistics
bls_ces,employment_count,CES3232521101,325211,325211,exact,2024-03-01,60.9,Thousands of employees,Seasonally adjusted,,2026-06,U.S. Bureau of Labor Statistics Current Employment Statistics
bls_ces,employment_count,CES3232521101,325211,325211,exact,2024-04-01,60.1,Thousands of employees,Seasonally adjusted,,2026-06,U.S. Bureau of Labor Statistics Current Employment Statistics
bls_ces,employment_count,CES3232521101,325211,325211,exact,2024-05-01,60.4,Thousands of employees,Seasonally adjusted,,2026-06,U.S. Bureau of Labor Statistics Current Employment Statistics
bls_ces,employment_count,CES3232521101,325211,325211,exact,2024-06-01,59.9,Thousands of employees,Seasonally adjusted,,2026-06,U.S. Bureau of Labor Statistics Current Employment Statistics
bls_ces,employment_count,CES3232521101,325211,325211,exact,2024-07-01,60.1,Thousands of employees,Seasonally adjusted,,2026-06,U.S. Bureau of Labor Statistics Current Employment Statistics
bls_ces,employment_count,CES3232521101,325211,325211,exact,2024-08-01,60.3,Thousands of employees,Seasonally adjusted,,2026-06,U.S. Bureau of Labor Statistics Current Employment Statistics
bls_ces,employment_count,CES3232521101,325211,325211,exact,2024-09-01,59.5,Thousands of employees,Seasonally adjusted,,2026-06,U.S. Bureau of Labor Statistics Current Employment Statistics
bls_ces,employment_count,CES3232521101,325211,325211,exact,2024-10-01,59.7,Thousands of employees,Seasonally adjusted,,2026-06,U.S. Bureau of Labor Statistics Current Employment Statistics
bls_ces,employment_count,CES3232521101,325211,325211,exact,2024-11-01,59.6,Thousands of employees,Seasonally adjusted,,2026-06,U.S. Bureau of Labor Statistics Current Employment Statistics
bls_ces,employment_count,CES3232521101,325211,325211,exact,2024-12-01,59.3,Thousands of employees,Seasonally adjusted,,2026-06,U.S. Bureau of Labor Statistics Current Employment Statistics
bls_ces,employment_count,CES3232521101,325211,325211,exact,2025-01-01,59.1,Thousands of employees,Seasonally adjusted,,2026-06,U.S. Bureau of Labor Statistics Current Employment Statistics
bls_ces,employment_count,CES3232521101,325211,325211,exact,2025-02-01,59.4,Thousands of employees,Seasonally adjusted,,2026-06,U.S. Bureau of Labor Statistics Current Employment Statistics
bls_ces,employment_count,CES3232521101,325211,325211,exact,2025-03-01,58.9,Thousands of employees,Seasonally adjusted,,2026-06,U.S. Bureau of Labor Statistics Current Employment Statistics
bls_ces,employment_count,CES3232521101,325211,325211,exact,2025-04-01,59.4,Thousands of employees,Seasonally adjusted,,2026-06,U.S. Bureau of Labor Statistics Current Employment Statistics
bls_ces,employment_count,CES3232521101,325211,325211,exact,2025-05-01,59.6,Thousands of employees,Seasonally adjusted,,2026-06,U.S. Bureau of Labor Statistics Current Employment Statistics
bls_ces,employment_count,CES3232521101,325211,325211,exact,2025-06-01,59.8,Thousands of employees,Seasonally adjusted,,2026-06,U.S. Bureau of Labor Statistics Current Employment Statistics
bls_ces,employment_count,CES3232521101,325211,325211,exact,2025-07-01,60,Thousands of employees,Seasonally adjusted,,2026-06,U.S. Bureau of Labor Statistics Current Employment Statistics
bls_ces,employment_count,CES3232521101,325211,325211,exact,2025-08-01,59.9,Thousands of employees,Seasonally adjusted,,2026-06,U.S. Bureau of Labor Statistics Current Employment Statistics
bls_ces,employment_count,CES3232521101,325211,325211,exact,2025-09-01,60.4,Thousands of employees,Seasonally adjusted,,2026-06,U.S. Bureau of Labor Statistics Current Employment Statistics
bls_ces,employment_count,CES3232521101,325211,325211,exact,2025-10-01,60.2,Thousands of employees,Seasonally adjusted,,2026-06,U.S. Bureau of Labor Statistics Current Employment Statistics
bls_ces,employment_count,CES3232521101,325211,325211,exact,2025-11-01,60,Thousands of employees,Seasonally adjusted,,2026-06,U.S. Bureau of Labor Statistics Current Employment Statistics
bls_ces,employment_count,CES3232521101,325211,325211,exact,2025-12-01,59.7,Thousands of employees,Seasonally adjusted,,2026-06,U.S. Bureau of Labor Statistics Current Employment Statistics
bls_ces,employment_count,CES3232521101,325211,325211,exact,2026-01-01,59.3,Thousands of employees,Seasonally adjusted,,2026-06,U.S. Bureau of Labor Statistics Current Employment Statistics
bls_ces,employment_count,CES3232521101,325211,325211,exact,2026-02-01,59.7,Thousands of employees,Seasonally adjusted,,2026-06,U.S. Bureau of Labor Statistics Current Employment Statistics
bls_ces,employment_count,CES3232521101,325211,325211,exact,2026-03-01,59.5,Thousands of employees,Seasonally adjusted,,2026-06,U.S. Bureau of Labor Statistics Current Employment Statistics
bls_ces,employment_count,CES3232521101,325211,325211,exact,2026-04-01,60.3,Thousands of employees,Seasonally adjusted,,2026-06,U.S. Bureau of Labor Statistics Current Employment Statistics
bls_ces,employment_count,CES3232521101,325211,325211,exact,2026-05-01,60.2,Thousands of employees,Seasonally adjusted,,2026-06,U.S. Bureau of Labor Statistics Current Employment Statistics
bls_ces,employment_count,CES3232521101,325211,325211,exact,2026-06-01,60,Thousands of employees,Seasonally adjusted,,2026-06,U.S. Bureau of Labor Statistics Current Employment Statistics
bls_ces,employment_count,CES3232611001,32611,326111,broader_published,2024-01-01,99.8,Thousands of employees,Seasonally adjusted,,2026-06,U.S. Bureau of Labor Statistics Current Employment Statistics
bls_ces,employment_count,CES3232611001,32611,326111,broader_published,2024-02-01,100,Thousands of employees,Seasonally adjusted,,2026-06,U.S. Bureau of Labor Statistics Current Employment Statistics
bls_ces,employment_count,CES3232611001,32611,326111,broader_published,2024-03-01,100.5,Thousands of employees,Seasonally adjusted,,2026-06,U.S. Bureau of Labor Statistics Current Employment Statistics
bls_ces,employment_count,CES3232611001,32611,326111,broader_published,2024-04-01,101.7,Thousands of employees,Seasonally adjusted,,2026-06,U.S. Bureau of Labor Statistics Current Employment Statistics
bls_ces,employment_count,CES3232611001,32611,326111,broader_published,2024-05-01,101.3,Thousands of employees,Seasonally adjusted,,2026-06,U.S. Bureau of Labor Statistics Current Employment Statistics
bls_ces,employment_count,CES3232611001,32611,326111,broader_published,2024-06-01,101.5,Thousands of employees,Seasonally adjusted,,2026-06,U.S. Bureau of Labor Statistics Current Employment Statistics
bls_ces,employment_count,CES3232611001,32611,326111,broader_published,2024-07-01,101.4,Thousands of employees,Seasonally adjusted,,2026-06,U.S. Bureau of Labor Statistics Current Employment Statistics
bls_ces,employment_count,CES3232611001,32611,326111,broader_published,2024-08-01,101.3,Thousands of employees,Seasonally adjusted,,2026-06,U.S. Bureau of Labor Statistics Current Employment Statistics
bls_ces,employment_count,CES3232611001,32611,326111,broader_published,2024-09-01,101,Thousands of employees,Seasonally adjusted,,2026-06,U.S. Bureau of Labor Statistics Current Employment Statistics
bls_ces,employment_count,CES3232611001,32611,326111,broader_published,2024-10-01,100.7,Thousands of employees,Seasonally adjusted,,2026-06,U.S. Bureau of Labor Statistics Current Employment Statistics
bls_ces,employment_count,CES3232611001,32611,326111,broader_published,2024-11-01,100.7,Thousands of employees,Seasonally adjusted,,2026-06,U.S. Bureau of Labor Statistics Current Employment Statistics
bls_ces,employment_count,CES3232611001,32611,326111,broader_published,2024-12-01,100.5,Thousands of employees,Seasonally adjusted,,2026-06,U.S. Bureau of Labor Statistics Current Employment Statistics
bls_ces,employment_count,CES3232611001,32611,326111,broader_published,2025-01-01,99.2,Thousands of employees,Seasonally adjusted,,2026-06,U.S. Bureau of Labor Statistics Current Employment Statistics
bls_ces,employment_count,CES3232611001,32611,326111,broader_published,2025-02-01,100,Thousands of employees,Seasonally adjusted,,2026-06,U.S. Bureau of Labor Statistics Current Employment Statistics
bls_ces,employment_count,CES3232611001,32611,326111,broader_published,2025-03-01,100.4,Thousands of employees,Seasonally adjusted,,2026-06,U.S. Bureau of Labor Statistics Current Employment Statistics
bls_ces,employment_count,CES3232611001,32611,326111,broader_published,2025-04-01,99.8,Thousands of employees,Seasonally adjusted,,2026-06,U.S. Bureau of Labor Statistics Current Employment Statistics
bls_ces,employment_count,CES3232611001,32611,326111,broader_published,2025-05-01,100.2,Thousands of employees,Seasonally adjusted,,2026-06,U.S. Bureau of Labor Statistics Current Employment Statistics
bls_ces,employment_count,CES3232611001,32611,326111,broader_published,2025-06-01,99.6,Thousands of employees,Seasonally adjusted,,2026-06,U.S. Bureau of Labor Statistics Current Employment Statistics
bls_ces,employment_count,CES3232611001,32611,326111,broader_published,2025-07-01,99.9,Thousands of employees,Seasonally adjusted,,2026-06,U.S. Bureau of Labor Statistics Current Employment Statistics
bls_ces,employment_count,CES3232611001,32611,326111,broader_published,2025-08-01,100.4,Thousands of employees,Seasonally adjusted,,2026-06,U.S. Bureau of Labor Statistics Current Employment Statistics
bls_ces,employment_count,CES3232611001,32611,326111,broader_published,2025-09-01,100.6,Thousands of employees,Seasonally adjusted,,2026-06,U.S. Bureau of Labor Statistics Current Employment Statistics
bls_ces,employment_count,CES3232611001,32611,326111,broader_published,2025-10-01,101.2,Thousands of employees,Seasonally adjusted,,2026-06,U.S. Bureau of Labor Statistics Current Employment Statistics
bls_ces,employment_count,CES3232611001,32611,326111,broader_published,2025-11-01,101,Thousands of employees,Seasonally adjusted,,2026-06,U.S. Bureau of Labor Statistics Current Employment Statistics
bls_ces,employment_count,CES3232611001,32611,326111,broader_published,2025-12-01,101.5,Thousands of employees,Seasonally adjusted,,2026-06,U.S. Bureau of Labor Statistics Current Employment Statistics
bls_ces,employment_count,CES3232611001,32611,326111,broader_published,2026-01-01,100.5,Thousands of employees,Seasonally adjusted,,2026-06,U.S. Bureau of Labor Statistics Current Employment Statistics
bls_ces,employment_count,CES3232611001,32611,326111,broader_published,2026-02-01,100.1,Thousands of employees,Seasonally adjusted,,2026-06,U.S. Bureau of Labor Statistics Current Employment Statistics
bls_ces,employment_count,CES3232611001,32611,326111,broader_published,2026-03-01,100.2,Thousands of employees,Seasonally adjusted,,2026-06,U.S. Bureau of Labor Statistics Current Employment Statistics
bls_ces,employment_count,CES3232611001,32611,326111,broader_published,2026-04-01,100.2,Thousands of employees,Seasonally adjusted,,2026-06,U.S. Bureau of Labor Statistics Current Employment Statistics
bls_ces,employment_count,CES3232611001,32611,326111,broader_published,2026-05-01,98.8,Thousands of employees,Seasonally adjusted,,2026-06,U.S. Bureau of Labor Statistics Current Employment Statistics
bls_ces,employment_count,CES3232611001,32611,326111,broader_published,2026-06-01,99,Thousands of employees,Seasonally adjusted,,2026-06,U.S. Bureau of Labor Statistics Current Employment Statistics
bls_ces,employment_count,CES3232914001,"31212,31213,31214",312120,broader_published,2024-01-01,216.9,Thousands of employees,Seasonally adjusted,,2026-06,U.S. Bureau of Labor Statistics Current Employment Statistics
bls_ces,employment_count,CES3232914001,"31212,31213,31214",312120,broader_published,2024-02-01,216.2,Thousands of employees,Seasonally adjusted,,2026-06,U.S. Bureau of Labor Statistics Current Employment Statistics
bls_ces,employment_count,CES3232914001,"31212,31213,31214",312120,broader_published,2024-03-01,214.1,Thousands of employees,Seasonally adjusted,,2026-06,U.S. Bureau of Labor Statistics Current Employment Statistics
bls_ces,employment_count,CES3232914001,"31212,31213,31214",312120,broader_published,2024-04-01,214,Thousands of employees,Seasonally adjusted,,2026-06,U.S. Bureau of Labor Statistics Current Employment Statistics
bls_ces,employment_count,CES3232914001,"31212,31213,31214",312120,broader_published,2024-05-01,213.7,Thousands of employees,Seasonally adjusted,,2026-06,U.S. Bureau of Labor Statistics Current Employment Statistics
bls_ces,employment_count,CES3232914001,"31212,31213,31214",312120,broader_published,2024-06-01,214.8,Thousands of employees,Seasonally adjusted,,2026-06,U.S. Bureau of Labor Statistics Current Employment Statistics
bls_ces,employment_count,CES3232914001,"31212,31213,31214",312120,broader_published,2024-07-01,214.8,Thousands of employees,Seasonally adjusted,,2026-06,U.S. Bureau of Labor Statistics Current Employment Statistics
bls_ces,employment_count,CES3232914001,"31212,31213,31214",312120,broader_published,2024-08-01,214.2,Thousands of employees,Seasonally adjusted,,2026-06,U.S. Bureau of Labor Statistics Current Employment Statistics
bls_ces,employment_count,CES3232914001,"31212,31213,31214",312120,broader_published,2024-09-01,212.1,Thousands of employees,Seasonally adjusted,,2026-06,U.S. Bureau of Labor Statistics Current Employment Statistics
bls_ces,employment_count,CES3232914001,"31212,31213,31214",312120,broader_published,2024-10-01,209.7,Thousands of employees,Seasonally adjusted,,2026-06,U.S. Bureau of Labor Statistics Current Employment Statistics
bls_ces,employment_count,CES3232914001,"31212,31213,31214",312120,broader_published,2024-11-01,207.4,Thousands of employees,Seasonally adjusted,,2026-06,U.S. Bureau of Labor Statistics Current Employment Statistics
bls_ces,employment_count,CES3232914001,"31212,31213,31214",312120,broader_published,2024-12-01,209.8,Thousands of employees,Seasonally adjusted,,2026-06,U.S. Bureau of Labor Statistics Current Employment Statistics
bls_ces,employment_count,CES3232914001,"31212,31213,31214",312120,broader_published,2025-01-01,209.1,Thousands of employees,Seasonally adjusted,,2026-06,U.S. Bureau of Labor Statistics Current Employment Statistics
bls_ces,employment_count,CES3232914001,"31212,31213,31214",312120,broader_published,2025-02-01,207.5,Thousands of employees,Seasonally adjusted,,2026-06,U.S. Bureau of Labor Statistics Current Employment Statistics
bls_ces,employment_count,CES3232914001,"31212,31213,31214",312120,broader_published,2025-03-01,207,Thousands of employees,Seasonally adjusted,,2026-06,U.S. Bureau of Labor Statistics Current Employment Statistics
bls_ces,employment_count,CES3232914001,"31212,31213,31214",312120,broader_published,2025-04-01,205.5,Thousands of employees,Seasonally adjusted,,2026-06,U.S. Bureau of Labor Statistics Current Employment Statistics
bls_ces,employment_count,CES3232914001,"31212,31213,31214",312120,broader_published,2025-05-01,205.1,Thousands of employees,Seasonally adjusted,,2026-06,U.S. Bureau of Labor Statistics Current Employment Statistics
bls_ces,employment_count,CES3232914001,"31212,31213,31214",312120,broader_published,2025-06-01,205.2,Thousands of employees,Seasonally adjusted,,2026-06,U.S. Bureau of Labor Statistics Current Employment Statistics
bls_ces,employment_count,CES3232914001,"31212,31213,31214",312120,broader_published,2025-07-01,200.8,Thousands of employees,Seasonally adjusted,,2026-06,U.S. Bureau of Labor Statistics Current Employment Statistics
bls_ces,employment_count,CES3232914001,"31212,31213,31214",312120,broader_published,2025-08-01,200.1,Thousands of employees,Seasonally adjusted,,2026-06,U.S. Bureau of Labor Statistics Current Employment Statistics
bls_ces,employment_count,CES3232914001,"31212,31213,31214",312120,broader_published,2025-09-01,201.9,Thousands of employees,Seasonally adjusted,,2026-06,U.S. Bureau of Labor Statistics Current Employment Statistics
bls_ces,employment_count,CES3232914001,"31212,31213,31214",312120,broader_published,2025-10-01,202.8,Thousands of employees,Seasonally adjusted,,2026-06,U.S. Bureau of Labor Statistics Current Employment Statistics
bls_ces,employment_count,CES3232914001,"31212,31213,31214",312120,broader_published,2025-11-01,203.4,Thousands of employees,Seasonally adjusted,,2026-06,U.S. Bureau of Labor Statistics Current Employment Statistics
bls_ces,employment_count,CES3232914001,"31212,31213,31214",312120,broader_published,2025-12-01,205.4,Thousands of employees,Seasonally adjusted,,2026-06,U.S. Bureau of Labor Statistics Current Employment Statistics
bls_ces,employment_count,CES3232914001,"31212,31213,31214",312120,broader_published,2026-01-01,203.7,Thousands of employees,Seasonally adjusted,,2026-06,U.S. Bureau of Labor Statistics Current Employment Statistics
bls_ces,employment_count,CES3232914001,"31212,31213,31214",312120,broader_published,2026-02-01,200.4,Thousands of employees,Seasonally adjusted,,2026-06,U.S. Bureau of Labor Statistics Current Employment Statistics
bls_ces,employment_count,CES3232914001,"31212,31213,31214",312120,broader_published,2026-03-01,202.9,Thousands of employees,Seasonally adjusted,,2026-06,U.S. Bureau of Labor Statistics Current Employment Statistics
bls_ces,employment_count,CES3232914001,"31212,31213,31214",312120,broader_published,2026-04-01,202.5,Thousands of employees,Seasonally adjusted,,2026-06,U.S. Bureau of Labor Statistics Current Employment Statistics
bls_ces,employment_count,CES3232914001,"31212,31213,31214",312120,broader_published,2026-05-01,199.3,Thousands of employees,Seasonally adjusted,,2026-06,U.S. Bureau of Labor Statistics Current Employment Statistics
bls_ces,employment_count,CES3232914001,"31212,31213,31214",312120,broader_published,2026-06-01,200.8,Thousands of employees,Seasonally adjusted,,2026-06,U.S. Bureau of Labor Statistics Current Employment Statistics
