series_id,industry_code,industry_name,observation_date,value,units,seasonal_adjustment,base_date,release_period,source
PCU311111311111,311111,Dog and cat food manufacturing,2024-01-01,296.774,Producer Price Index (index; base period varies by series),Not seasonally adjusted,1985-12,2024-01,BLS PPI public API v2 (offline reviewed snapshot)
PCU311111311111,311111,Dog and cat food manufacturing,2024-02-01,298.549,Producer Price Index (index; base period varies by series),Not seasonally adjusted,1985-12,2024-02,BLS PPI public API v2 (offline reviewed snapshot)
PCU311111311111,311111,Dog and cat food manufacturing,2024-03-01,298.546,Producer Price Index (index; base period varies by series),Not seasonally adjusted,1985-12,2024-03,BLS PPI public API v2 (offline reviewed snapshot)
PCU311111311111,311111,Dog and cat food manufacturing,2024-04-01,298.545,Producer Price Index (index; base period varies by series),Not seasonally adjusted,1985-12,2024-04,BLS PPI public API v2 (offline reviewed snapshot)
PCU311111311111,311111,Dog and cat food manufacturing,2024-05-01,298.603,Producer Price Index (index; base period varies by series),Not seasonally adjusted,1985-12,2024-05,BLS PPI public API v2 (offline reviewed snapshot)
PCU311111311111,311111,Dog and cat food manufacturing,2024-06-01,298.655,Producer Price Index (index; base period varies by series),Not seasonally adjusted,1985-12,2024-06,BLS PPI public API v2 (offline reviewed snapshot)
PCU311111311111,311111,Dog and cat food manufacturing,2024-07-01,298.656,Producer Price Index (index; base period varies by series),Not seasonally adjusted,1985-12,2024-07,BLS PPI public API v2 (offline reviewed snapshot)
PCU311111311111,311111,Dog and cat food manufacturing,2024-08-01,298.655,Producer Price Index (index; base period varies by series),Not seasonally adjusted,1985-12,2024-08,BLS PPI public API v2 (offline reviewed snapshot)
PCU311111311111,311111,Dog and cat food manufacturing,2024-09-01,298.655,Producer Price Index (index; base period varies by series),Not seasonally adjusted,1985-12,2024-09,BLS PPI public API v2 (offline reviewed snapshot)
PCU311111311111,311111,Dog and cat food manufacturing,2024-10-01,298.891,Producer Price Index (index; base period varies by series),Not seasonally adjusted,1985-12,2024-10,BLS PPI public API v2 (offline reviewed snapshot)
PCU311111311111,311111,Dog and cat food manufacturing,2024-11-01,298.919,Producer Price Index (index; base period varies by series),Not seasonally adjusted,1985-12,2024-11,BLS PPI public API v2 (offline reviewed snapshot)
PCU311111311111,311111,Dog and cat food manufacturing,2024-12-01,298.919,Producer Price Index (index; base period varies by series),Not seasonally adjusted,1985-12,2024-12,BLS PPI public API v2 (offline reviewed snapshot)
PCU311111311111,311111,Dog and cat food manufacturing,2025-01-01,299.614,Producer Price Index (index; base period varies by series),Not seasonally adjusted,1985-12,2025-01,BLS PPI public API v2 (offline reviewed snapshot)
PCU311111311111,311111,Dog and cat food manufacturing,2025-02-01,300.786,Producer Price Index (index; base period varies by series),Not seasonally adjusted,1985-12,2025-02,BLS PPI public API v2 (offline reviewed snapshot)
PCU311111311111,311111,Dog and cat food manufacturing,2025-03-01,300.827,Producer Price Index (index; base period varies by series),Not seasonally adjusted,1985-12,2025-03,BLS PPI public API v2 (offline reviewed snapshot)
PCU311111311111,311111,Dog and cat food manufacturing,2025-04-01,300.827,Producer Price Index (index; base period varies by series),Not seasonally adjusted,1985-12,2025-04,BLS PPI public API v2 (offline reviewed snapshot)
PCU311111311111,311111,Dog and cat food manufacturing,2025-05-01,300.827,Producer Price Index (index; base period varies by series),Not seasonally adjusted,1985-12,2025-05,BLS PPI public API v2 (offline reviewed snapshot)
PCU311111311111,311111,Dog and cat food manufacturing,2025-06-01,300.872,Producer Price Index (index; base period varies by series),Not seasonally adjusted,1985-12,2025-06,BLS PPI public API v2 (offline reviewed snapshot)
PCU311111311111,311111,Dog and cat food manufacturing,2025-07-01,300.872,Producer Price Index (index; base period varies by series),Not seasonally adjusted,1985-12,2025-07,BLS PPI public API v2 (offline reviewed snapshot)
PCU311111311111,311111,Dog and cat food manufacturing,2025-08-01,300.872,Producer Price Index (index; base period varies by series),Not seasonally adjusted,1985-12,2025-08,BLS PPI public API v2 (offline reviewed snapshot)
PCU311111311111,311111,Dog and cat food manufacturing,2025-09-01,300.967,Producer Price Index (index; base period varies by series),Not seasonally adjusted,1985-12,2025-09,BLS PPI public API v2 (offline reviewed snapshot)
PCU311111311111,311111,Dog and cat food manufacturing,2025-10-01,300.967,Producer Price Index (index; base period varies by series),Not seasonally adjusted,1985-12,2025-10,BLS PPI public API v2 (offline reviewed snapshot)
PCU311111311111,311111,Dog and cat food manufacturing,2025-11-01,300.967,Producer Price Index (index; base period varies by series),Not seasonally adjusted,1985-12,2025-11,BLS PPI public API v2 (offline reviewed snapshot)
PCU311111311111,311111,Dog and cat food manufacturing,2025-12-01,300.967,Producer Price Index (index; base period varies by series),Not seasonally adjusted,1985-12,2025-12,BLS PPI public API v2 (offline reviewed snapshot)
PCU311111311111,311111,Dog and cat food manufacturing,2026-01-01,304.096,Producer Price Index (index; base period varies by series),Not seasonally adjusted,1985-12,2026-01,BLS PPI public API v2 (offline reviewed snapshot)
PCU311111311111,311111,Dog and cat food manufacturing,2026-02-01,304.096,Producer Price Index (index; base period varies by series),Not seasonally adjusted,1985-12,2026-02,BLS PPI public API v2 (offline reviewed snapshot)
PCU311111311111,311111,Dog and cat food manufacturing,2026-03-01,304.096,Producer Price Index (index; base period varies by series),Not seasonally adjusted,1985-12,2026-03,BLS PPI public API v2 (offline reviewed snapshot)
PCU311111311111,311111,Dog and cat food manufacturing,2026-04-01,304.096,Producer Price Index (index; base period varies by series),Not seasonally adjusted,1985-12,2026-04,BLS PPI public API v2 (offline reviewed snapshot)
PCU311111311111,311111,Dog and cat food manufacturing,2026-05-01,304.183,Producer Price Index (index; base period varies by series),Not seasonally adjusted,1985-12,2026-05,BLS PPI public API v2 (offline reviewed snapshot)
PCU311111311111,311111,Dog and cat food manufacturing,2026-06-01,304.183,Producer Price Index (index; base period varies by series),Not seasonally adjusted,1985-12,2026-06,BLS PPI public API v2 (offline reviewed snapshot)
PCU312120312120,312120,Breweries,2024-01-01,234.098,Producer Price Index (index; base period varies by series),Not seasonally adjusted,1982-06,2024-01,BLS PPI public API v2 (offline reviewed snapshot)
PCU312120312120,312120,Breweries,2024-02-01,234.188,Producer Price Index (index; base period varies by series),Not seasonally adjusted,1982-06,2024-02,BLS PPI public API v2 (offline reviewed snapshot)
PCU312120312120,312120,Breweries,2024-03-01,234.608,Producer Price Index (index; base period varies by series),Not seasonally adjusted,1982-06,2024-03,BLS PPI public API v2 (offline reviewed snapshot)
PCU312120312120,312120,Breweries,2024-04-01,234.535,Producer Price Index (index; base period varies by series),Not seasonally adjusted,1982-06,2024-04,BLS PPI public API v2 (offline reviewed snapshot)
PCU312120312120,312120,Breweries,2024-05-01,234.632,Producer Price Index (index; base period varies by series),Not seasonally adjusted,1982-06,2024-05,BLS PPI public API v2 (offline reviewed snapshot)
PCU312120312120,312120,Breweries,2024-06-01,234.609,Producer Price Index (index; base period varies by series),Not seasonally adjusted,1982-06,2024-06,BLS PPI public API v2 (offline reviewed snapshot)
PCU312120312120,312120,Breweries,2024-07-01,234.842,Producer Price Index (index; base period varies by series),Not seasonally adjusted,1982-06,2024-07,BLS PPI public API v2 (offline reviewed snapshot)
PCU312120312120,312120,Breweries,2024-08-01,234.828,Producer Price Index (index; base period varies by series),Not seasonally adjusted,1982-06,2024-08,BLS PPI public API v2 (offline reviewed snapshot)
PCU312120312120,312120,Breweries,2024-09-01,234.234,Producer Price Index (index; base period varies by series),Not seasonally adjusted,1982-06,2024-09,BLS PPI public API v2 (offline reviewed snapshot)
PCU312120312120,312120,Breweries,2024-10-01,234.902,Producer Price Index (index; base period varies by series),Not seasonally adjusted,1982-06,2024-10,BLS PPI public API v2 (offline reviewed snapshot)
PCU312120312120,312120,Breweries,2024-11-01,235.12,Producer Price Index (index; base period varies by series),Not seasonally adjusted,1982-06,2024-11,BLS PPI public API v2 (offline reviewed snapshot)
PCU312120312120,312120,Breweries,2024-12-01,235.633,Producer Price Index (index; base period varies by series),Not seasonally adjusted,1982-06,2024-12,BLS PPI public API v2 (offline reviewed snapshot)
PCU312120312120,312120,Breweries,2025-01-01,235.753,Producer Price Index (index; base period varies by series),Not seasonally adjusted,1982-06,2025-01,BLS PPI public API v2 (offline reviewed snapshot)
PCU312120312120,312120,Breweries,2025-02-01,236.157,Producer Price Index (index; base period varies by series),Not seasonally adjusted,1982-06,2025-02,BLS PPI public API v2 (offline reviewed snapshot)
PCU312120312120,312120,Breweries,2025-03-01,236.288,Producer Price Index (index; base period varies by series),Not seasonally adjusted,1982-06,2025-03,BLS PPI public API v2 (offline reviewed snapshot)
PCU312120312120,312120,Breweries,2025-04-01,236.582,Producer Price Index (index; base period varies by series),Not seasonally adjusted,1982-06,2025-04,BLS PPI public API v2 (offline reviewed snapshot)
PCU312120312120,312120,Breweries,2025-05-01,237.42,Producer Price Index (index; base period varies by series),Not seasonally adjusted,1982-06,2025-05,BLS PPI public API v2 (offline reviewed snapshot)
PCU312120312120,312120,Breweries,2025-06-01,237.418,Producer Price Index (index; base period varies by series),Not seasonally adjusted,1982-06,2025-06,BLS PPI public API v2 (offline reviewed snapshot)
PCU312120312120,312120,Breweries,2025-07-01,237.486,Producer Price Index (index; base period varies by series),Not seasonally adjusted,1982-06,2025-07,BLS PPI public API v2 (offline reviewed snapshot)
PCU312120312120,312120,Breweries,2025-08-01,237.639,Producer Price Index (index; base period varies by series),Not seasonally adjusted,1982-06,2025-08,BLS PPI public API v2 (offline reviewed snapshot)
PCU312120312120,312120,Breweries,2025-09-01,237.912,Producer Price Index (index; base period varies by series),Not seasonally adjusted,1982-06,2025-09,BLS PPI public API v2 (offline reviewed snapshot)
PCU312120312120,312120,Breweries,2025-10-01,238.753,Producer Price Index (index; base period varies by series),Not seasonally adjusted,1982-06,2025-10,BLS PPI public API v2 (offline reviewed snapshot)
PCU312120312120,312120,Breweries,2025-11-01,238.751,Producer Price Index (index; base period varies by series),Not seasonally adjusted,1982-06,2025-11,BLS PPI public API v2 (offline reviewed snapshot)
PCU312120312120,312120,Breweries,2025-12-01,239.341,Producer Price Index (index; base period varies by series),Not seasonally adjusted,1982-06,2025-12,BLS PPI public API v2 (offline reviewed snapshot)
PCU312120312120,312120,Breweries,2026-01-01,239.049,Producer Price Index (index; base period varies by series),Not seasonally adjusted,1982-06,2026-01,BLS PPI public API v2 (offline reviewed snapshot)
PCU312120312120,312120,Breweries,2026-02-01,239.155,Producer Price Index (index; base period varies by series),Not seasonally adjusted,1982-06,2026-02,BLS PPI public API v2 (offline reviewed snapshot)
PCU312120312120,312120,Breweries,2026-03-01,239.345,Producer Price Index (index; base period varies by series),Not seasonally adjusted,1982-06,2026-03,BLS PPI public API v2 (offline reviewed snapshot)
PCU312120312120,312120,Breweries,2026-04-01,239.38,Producer Price Index (index; base period varies by series),Not seasonally adjusted,1982-06,2026-04,BLS PPI public API v2 (offline reviewed snapshot)
PCU312120312120,312120,Breweries,2026-05-01,239.379,Producer Price Index (index; base period varies by series),Not seasonally adjusted,1982-06,2026-05,BLS PPI public API v2 (offline reviewed snapshot)
PCU312120312120,312120,Breweries,2026-06-01,239.383,Producer Price Index (index; base period varies by series),Not seasonally adjusted,1982-06,2026-06,BLS PPI public API v2 (offline reviewed snapshot)
PCU322120322120,322120,Paper mills,2024-01-01,162.965,Producer Price Index (index; base period varies by series),Not seasonally adjusted,2003-12,2024-01,BLS PPI public API v2 (offline reviewed snapshot)
PCU322120322120,322120,Paper mills,2024-02-01,162.787,Producer Price Index (index; base period varies by series),Not seasonally adjusted,2003-12,2024-02,BLS PPI public API v2 (offline reviewed snapshot)
PCU322120322120,322120,Paper mills,2024-03-01,162.706,Producer Price Index (index; base period varies by series),Not seasonally adjusted,2003-12,2024-03,BLS PPI public API v2 (offline reviewed snapshot)
PCU322120322120,322120,Paper mills,2024-04-01,162.506,Producer Price Index (index; base period varies by series),Not seasonally adjusted,2003-12,2024-04,BLS PPI public API v2 (offline reviewed snapshot)
PCU322120322120,322120,Paper mills,2024-05-01,163.073,Producer Price Index (index; base period varies by series),Not seasonally adjusted,2003-12,2024-05,BLS PPI public API v2 (offline reviewed snapshot)
PCU322120322120,322120,Paper mills,2024-06-01,163.299,Producer Price Index (index; base period varies by series),Not seasonally adjusted,2003-12,2024-06,BLS PPI public API v2 (offline reviewed snapshot)
PCU322120322120,322120,Paper mills,2024-07-01,164.187,Producer Price Index (index; base period varies by series),Not seasonally adjusted,2003-12,2024-07,BLS PPI public API v2 (offline reviewed snapshot)
PCU322120322120,322120,Paper mills,2024-08-01,163.68,Producer Price Index (index; base period varies by series),Not seasonally adjusted,2003-12,2024-08,BLS PPI public API v2 (offline reviewed snapshot)
PCU322120322120,322120,Paper mills,2024-09-01,164.634,Producer Price Index (index; base period varies by series),Not seasonally adjusted,2003-12,2024-09,BLS PPI public API v2 (offline reviewed snapshot)
PCU322120322120,322120,Paper mills,2024-10-01,165.078,Producer Price Index (index; base period varies by series),Not seasonally adjusted,2003-12,2024-10,BLS PPI public API v2 (offline reviewed snapshot)
PCU322120322120,322120,Paper mills,2024-11-01,164.612,Producer Price Index (index; base period varies by series),Not seasonally adjusted,2003-12,2024-11,BLS PPI public API v2 (offline reviewed snapshot)
PCU322120322120,322120,Paper mills,2024-12-01,163.466,Producer Price Index (index; base period varies by series),Not seasonally adjusted,2003-12,2024-12,BLS PPI public API v2 (offline reviewed snapshot)
PCU322120322120,322120,Paper mills,2025-01-01,162.841,Producer Price Index (index; base period varies by series),Not seasonally adjusted,2003-12,2025-01,BLS PPI public API v2 (offline reviewed snapshot)
PCU322120322120,322120,Paper mills,2025-02-01,163.873,Producer Price Index (index; base period varies by series),Not seasonally adjusted,2003-12,2025-02,BLS PPI public API v2 (offline reviewed snapshot)
PCU322120322120,322120,Paper mills,2025-03-01,164.637,Producer Price Index (index; base period varies by series),Not seasonally adjusted,2003-12,2025-03,BLS PPI public API v2 (offline reviewed snapshot)
PCU322120322120,322120,Paper mills,2025-04-01,164.959,Producer Price Index (index; base period varies by series),Not seasonally adjusted,2003-12,2025-04,BLS PPI public API v2 (offline reviewed snapshot)
PCU322120322120,322120,Paper mills,2025-05-01,165.117,Producer Price Index (index; base period varies by series),Not seasonally adjusted,2003-12,2025-05,BLS PPI public API v2 (offline reviewed snapshot)
PCU322120322120,322120,Paper mills,2025-06-01,164.435,Producer Price Index (index; base period varies by series),Not seasonally adjusted,2003-12,2025-06,BLS PPI public API v2 (offline reviewed snapshot)
PCU322120322120,322120,Paper mills,2025-07-01,164.456,Producer Price Index (index; base period varies by series),Not seasonally adjusted,2003-12,2025-07,BLS PPI public API v2 (offline reviewed snapshot)
PCU322120322120,322120,Paper mills,2025-08-01,163.968,Producer Price Index (index; base period varies by series),Not seasonally adjusted,2003-12,2025-08,BLS PPI public API v2 (offline reviewed snapshot)
PCU322120322120,322120,Paper mills,2025-09-01,164.169,Producer Price Index (index; base period varies by series),Not seasonally adjusted,2003-12,2025-09,BLS PPI public API v2 (offline reviewed snapshot)
PCU322120322120,322120,Paper mills,2025-10-01,165.321,Producer Price Index (index; base period varies by series),Not seasonally adjusted,2003-12,2025-10,BLS PPI public API v2 (offline reviewed snapshot)
PCU322120322120,322120,Paper mills,2025-11-01,165.576,Producer Price Index (index; base period varies by series),Not seasonally adjusted,2003-12,2025-11,BLS PPI public API v2 (offline reviewed snapshot)
PCU322120322120,322120,Paper mills,2025-12-01,165.569,Producer Price Index (index; base period varies by series),Not seasonally adjusted,2003-12,2025-12,BLS PPI public API v2 (offline reviewed snapshot)
PCU322120322120,322120,Paper mills,2026-01-01,165.962,Producer Price Index (index; base period varies by series),Not seasonally adjusted,2003-12,2026-01,BLS PPI public API v2 (offline reviewed snapshot)
PCU322120322120,322120,Paper mills,2026-02-01,166.202,Producer Price Index (index; base period varies by series),Not seasonally adjusted,2003-12,2026-02,BLS PPI public API v2 (offline reviewed snapshot)
PCU322120322120,322120,Paper mills,2026-03-01,166.709,Producer Price Index (index; base period varies by series),Not seasonally adjusted,2003-12,2026-03,BLS PPI public API v2 (offline reviewed snapshot)
PCU322120322120,322120,Paper mills,2026-04-01,166.942,Producer Price Index (index; base period varies by series),Not seasonally adjusted,2003-12,2026-04,BLS PPI public API v2 (offline reviewed snapshot)
PCU322120322120,322120,Paper mills,2026-05-01,167.498,Producer Price Index (index; base period varies by series),Not seasonally adjusted,2003-12,2026-05,BLS PPI public API v2 (offline reviewed snapshot)
PCU322120322120,322120,Paper mills,2026-06-01,168.825,Producer Price Index (index; base period varies by series),Not seasonally adjusted,2003-12,2026-06,BLS PPI public API v2 (offline reviewed snapshot)
PCU325211325211,325211,Plastics material and resin manufacturing,2024-01-01,314.049,Producer Price Index (index; base period varies by series),Not seasonally adjusted,1980-12,2024-01,BLS PPI public API v2 (offline reviewed snapshot)
PCU325211325211,325211,Plastics material and resin manufacturing,2024-02-01,320.519,Producer Price Index (index; base period varies by series),Not seasonally adjusted,1980-12,2024-02,BLS PPI public API v2 (offline reviewed snapshot)
PCU325211325211,325211,Plastics material and resin manufacturing,2024-03-01,317.074,Producer Price Index (index; base period varies by series),Not seasonally adjusted,1980-12,2024-03,BLS PPI public API v2 (offline reviewed snapshot)
PCU325211325211,325211,Plastics material and resin manufacturing,2024-04-01,320.7,Producer Price Index (index; base period varies by series),Not seasonally adjusted,1980-12,2024-04,BLS PPI public API v2 (offline reviewed snapshot)
PCU325211325211,325211,Plastics material and resin manufacturing,2024-05-01,321.393,Producer Price Index (index; base period varies by series),Not seasonally adjusted,1980-12,2024-05,BLS PPI public API v2 (offline reviewed snapshot)
PCU325211325211,325211,Plastics material and resin manufacturing,2024-06-01,321.248,Producer Price Index (index; base period varies by series),Not seasonally adjusted,1980-12,2024-06,BLS PPI public API v2 (offline reviewed snapshot)
PCU325211325211,325211,Plastics material and resin manufacturing,2024-07-01,324.553,Producer Price Index (index; base period varies by series),Not seasonally adjusted,1980-12,2024-07,BLS PPI public API v2 (offline reviewed snapshot)
PCU325211325211,325211,Plastics material and resin manufacturing,2024-08-01,325.268,Producer Price Index (index; base period varies by series),Not seasonally adjusted,1980-12,2024-08,BLS PPI public API v2 (offline reviewed snapshot)
PCU325211325211,325211,Plastics material and resin manufacturing,2024-09-01,315.105,Producer Price Index (index; base period varies by series),Not seasonally adjusted,1980-12,2024-09,BLS PPI public API v2 (offline reviewed snapshot)
PCU325211325211,325211,Plastics material and resin manufacturing,2024-10-01,320.429,Producer Price Index (index; base period varies by series),Not seasonally adjusted,1980-12,2024-10,BLS PPI public API v2 (offline reviewed snapshot)
PCU325211325211,325211,Plastics material and resin manufacturing,2024-11-01,317.001,Producer Price Index (index; base period varies by series),Not seasonally adjusted,1980-12,2024-11,BLS PPI public API v2 (offline reviewed snapshot)
PCU325211325211,325211,Plastics material and resin manufacturing,2024-12-01,315.192,Producer Price Index (index; base period varies by series),Not seasonally adjusted,1980-12,2024-12,BLS PPI public API v2 (offline reviewed snapshot)
PCU325211325211,325211,Plastics material and resin manufacturing,2025-01-01,315.011,Producer Price Index (index; base period varies by series),Not seasonally adjusted,1980-12,2025-01,BLS PPI public API v2 (offline reviewed snapshot)
PCU325211325211,325211,Plastics material and resin manufacturing,2025-02-01,321.45,Producer Price Index (index; base period varies by series),Not seasonally adjusted,1980-12,2025-02,BLS PPI public API v2 (offline reviewed snapshot)
PCU325211325211,325211,Plastics material and resin manufacturing,2025-03-01,325.548,Producer Price Index (index; base period varies by series),Not seasonally adjusted,1980-12,2025-03,BLS PPI public API v2 (offline reviewed snapshot)
PCU325211325211,325211,Plastics material and resin manufacturing,2025-04-01,322.852,Producer Price Index (index; base period varies by series),Not seasonally adjusted,1980-12,2025-04,BLS PPI public API v2 (offline reviewed snapshot)
PCU325211325211,325211,Plastics material and resin manufacturing,2025-05-01,319.543,Producer Price Index (index; base period varies by series),Not seasonally adjusted,1980-12,2025-05,BLS PPI public API v2 (offline reviewed snapshot)
PCU325211325211,325211,Plastics material and resin manufacturing,2025-06-01,317.427,Producer Price Index (index; base period varies by series),Not seasonally adjusted,1980-12,2025-06,BLS PPI public API v2 (offline reviewed snapshot)
PCU325211325211,325211,Plastics material and resin manufacturing,2025-07-01,315.615,Producer Price Index (index; base period varies by series),Not seasonally adjusted,1980-12,2025-07,BLS PPI public API v2 (offline reviewed snapshot)
PCU325211325211,325211,Plastics material and resin manufacturing,2025-08-01,313.877,Producer Price Index (index; base period varies by series),Not seasonally adjusted,1980-12,2025-08,BLS PPI public API v2 (offline reviewed snapshot)
PCU325211325211,325211,Plastics material and resin manufacturing,2025-09-01,309.16,Producer Price Index (index; base period varies by series),Not seasonally adjusted,1980-12,2025-09,BLS PPI public API v2 (offline reviewed snapshot)
PCU325211325211,325211,Plastics material and resin manufacturing,2025-10-01,309.279,Producer Price Index (index; base period varies by series),Not seasonally adjusted,1980-12,2025-10,BLS PPI public API v2 (offline reviewed snapshot)
PCU325211325211,325211,Plastics material and resin manufacturing,2025-11-01,307.1,Producer Price Index (index; base period varies by series),Not seasonally adjusted,1980-12,2025-11,BLS PPI public API v2 (offline reviewed snapshot)
PCU325211325211,325211,Plastics material and resin manufacturing,2025-12-01,302.525,Producer Price Index (index; base period varies by series),Not seasonally adjusted,1980-12,2025-12,BLS PPI public API v2 (offline reviewed snapshot)
PCU325211325211,325211,Plastics material and resin manufacturing,2026-01-01,303.509,Producer Price Index (index; base period varies by series),Not seasonally adjusted,1980-12,2026-01,BLS PPI public API v2 (offline reviewed snapshot)
PCU325211325211,325211,Plastics material and resin manufacturing,2026-02-01,308.307,Producer Price Index (index; base period varies by series),Not seasonally adjusted,1980-12,2026-02,BLS PPI public API v2 (offline reviewed snapshot)
PCU325211325211,325211,Plastics material and resin manufacturing,2026-03-01,312.707,Producer Price Index (index; base period varies by series),Not seasonally adjusted,1980-12,2026-03,BLS PPI public API v2 (offline reviewed snapshot)
PCU325211325211,325211,Plastics material and resin manufacturing,2026-04-01,331.419,Producer Price Index (index; base period varies by series),Not seasonally adjusted,1980-12,2026-04,BLS PPI public API v2 (offline reviewed snapshot)
PCU325211325211,325211,Plastics material and resin manufacturing,2026-05-01,377.974,Producer Price Index (index; base period varies by series),Not seasonally adjusted,1980-12,2026-05,BLS PPI public API v2 (offline reviewed snapshot)
PCU325211325211,325211,Plastics material and resin manufacturing,2026-06-01,368.751,Producer Price Index (index; base period varies by series),Not seasonally adjusted,1980-12,2026-06,BLS PPI public API v2 (offline reviewed snapshot)
PCU326111326111,326111,Plastics bag and pouch manufacturing,2024-01-01,211.749,Producer Price Index (index; base period varies by series),Not seasonally adjusted,2003-12,2024-01,BLS PPI public API v2 (offline reviewed snapshot)
PCU326111326111,326111,Plastics bag and pouch manufacturing,2024-02-01,211.992,Producer Price Index (index; base period varies by series),Not seasonally adjusted,2003-12,2024-02,BLS PPI public API v2 (offline reviewed snapshot)
PCU326111326111,326111,Plastics bag and pouch manufacturing,2024-03-01,212.312,Producer Price Index (index; base period varies by series),Not seasonally adjusted,2003-12,2024-03,BLS PPI public API v2 (offline reviewed snapshot)
PCU326111326111,326111,Plastics bag and pouch manufacturing,2024-04-01,212.868,Producer Price Index (index; base period varies by series),Not seasonally adjusted,2003-12,2024-04,BLS PPI public API v2 (offline reviewed snapshot)
PCU326111326111,326111,Plastics bag and pouch manufacturing,2024-05-01,212.832,Producer Price Index (index; base period varies by series),Not seasonally adjusted,2003-12,2024-05,BLS PPI public API v2 (offline reviewed snapshot)
PCU326111326111,326111,Plastics bag and pouch manufacturing,2024-06-01,213.001,Producer Price Index (index; base period varies by series),Not seasonally adjusted,2003-12,2024-06,BLS PPI public API v2 (offline reviewed snapshot)
PCU326111326111,326111,Plastics bag and pouch manufacturing,2024-07-01,212.849,Producer Price Index (index; base period varies by series),Not seasonally adjusted,2003-12,2024-07,BLS PPI public API v2 (offline reviewed snapshot)
PCU326111326111,326111,Plastics bag and pouch manufacturing,2024-08-01,213.11,Producer Price Index (index; base period varies by series),Not seasonally adjusted,2003-12,2024-08,BLS PPI public API v2 (offline reviewed snapshot)
PCU326111326111,326111,Plastics bag and pouch manufacturing,2024-09-01,213.687,Producer Price Index (index; base period varies by series),Not seasonally adjusted,2003-12,2024-09,BLS PPI public API v2 (offline reviewed snapshot)
PCU326111326111,326111,Plastics bag and pouch manufacturing,2024-10-01,214.049,Producer Price Index (index; base period varies by series),Not seasonally adjusted,2003-12,2024-10,BLS PPI public API v2 (offline reviewed snapshot)
PCU326111326111,326111,Plastics bag and pouch manufacturing,2024-11-01,210.695,Producer Price Index (index; base period varies by series),Not seasonally adjusted,2003-12,2024-11,BLS PPI public API v2 (offline reviewed snapshot)
PCU326111326111,326111,Plastics bag and pouch manufacturing,2024-12-01,209.703,Producer Price Index (index; base period varies by series),Not seasonally adjusted,2003-12,2024-12,BLS PPI public API v2 (offline reviewed snapshot)
PCU326111326111,326111,Plastics bag and pouch manufacturing,2025-01-01,209.318,Producer Price Index (index; base period varies by series),Not seasonally adjusted,2003-12,2025-01,BLS PPI public API v2 (offline reviewed snapshot)
PCU326111326111,326111,Plastics bag and pouch manufacturing,2025-02-01,210.437,Producer Price Index (index; base period varies by series),Not seasonally adjusted,2003-12,2025-02,BLS PPI public API v2 (offline reviewed snapshot)
PCU326111326111,326111,Plastics bag and pouch manufacturing,2025-03-01,210.801,Producer Price Index (index; base period varies by series),Not seasonally adjusted,2003-12,2025-03,BLS PPI public API v2 (offline reviewed snapshot)
PCU326111326111,326111,Plastics bag and pouch manufacturing,2025-04-01,211.646,Producer Price Index (index; base period varies by series),Not seasonally adjusted,2003-12,2025-04,BLS PPI public API v2 (offline reviewed snapshot)
PCU326111326111,326111,Plastics bag and pouch manufacturing,2025-05-01,209.557,Producer Price Index (index; base period varies by series),Not seasonally adjusted,2003-12,2025-05,BLS PPI public API v2 (offline reviewed snapshot)
PCU326111326111,326111,Plastics bag and pouch manufacturing,2025-06-01,209.708,Producer Price Index (index; base period varies by series),Not seasonally adjusted,2003-12,2025-06,BLS PPI public API v2 (offline reviewed snapshot)
PCU326111326111,326111,Plastics bag and pouch manufacturing,2025-07-01,210.386,Producer Price Index (index; base period varies by series),Not seasonally adjusted,2003-12,2025-07,BLS PPI public API v2 (offline reviewed snapshot)
PCU326111326111,326111,Plastics bag and pouch manufacturing,2025-08-01,210.41,Producer Price Index (index; base period varies by series),Not seasonally adjusted,2003-12,2025-08,BLS PPI public API v2 (offline reviewed snapshot)
PCU326111326111,326111,Plastics bag and pouch manufacturing,2025-09-01,209.642,Producer Price Index (index; base period varies by series),Not seasonally adjusted,2003-12,2025-09,BLS PPI public API v2 (offline reviewed snapshot)
PCU326111326111,326111,Plastics bag and pouch manufacturing,2025-10-01,209.779,Producer Price Index (index; base period varies by series),Not seasonally adjusted,2003-12,2025-10,BLS PPI public API v2 (offline reviewed snapshot)
PCU326111326111,326111,Plastics bag and pouch manufacturing,2025-11-01,209.799,Producer Price Index (index; base period varies by series),Not seasonally adjusted,2003-12,2025-11,BLS PPI public API v2 (offline reviewed snapshot)
PCU326111326111,326111,Plastics bag and pouch manufacturing,2025-12-01,209.687,Producer Price Index (index; base period varies by series),Not seasonally adjusted,2003-12,2025-12,BLS PPI public API v2 (offline reviewed snapshot)
PCU326111326111,326111,Plastics bag and pouch manufacturing,2026-01-01,210.15,Producer Price Index (index; base period varies by series),Not seasonally adjusted,2003-12,2026-01,BLS PPI public API v2 (offline reviewed snapshot)
PCU326111326111,326111,Plastics bag and pouch manufacturing,2026-02-01,210.28,Producer Price Index (index; base period varies by series),Not seasonally adjusted,2003-12,2026-02,BLS PPI public API v2 (offline reviewed snapshot)
PCU326111326111,326111,Plastics bag and pouch manufacturing,2026-03-01,211.698,Producer Price Index (index; base period varies by series),Not seasonally adjusted,2003-12,2026-03,BLS PPI public API v2 (offline reviewed snapshot)
PCU326111326111,326111,Plastics bag and pouch manufacturing,2026-04-01,216.201,Producer Price Index (index; base period varies by series),Not seasonally adjusted,2003-12,2026-04,BLS PPI public API v2 (offline reviewed snapshot)
PCU326111326111,326111,Plastics bag and pouch manufacturing,2026-05-01,220.802,Producer Price Index (index; base period varies by series),Not seasonally adjusted,2003-12,2026-05,BLS PPI public API v2 (offline reviewed snapshot)
PCU326111326111,326111,Plastics bag and pouch manufacturing,2026-06-01,221.998,Producer Price Index (index; base period varies by series),Not seasonally adjusted,2003-12,2026-06,BLS PPI public API v2 (offline reviewed snapshot)
PCU331110331110,331110,Iron and steel mills and ferroalloy manufacturing,2024-01-01,279.275,Producer Price Index (index; base period varies by series),Not seasonally adjusted,1982-06,2024-01,BLS PPI public API v2 (offline reviewed snapshot)
PCU331110331110,331110,Iron and steel mills and ferroalloy manufacturing,2024-02-01,292.398,Producer Price Index (index; base period varies by series),Not seasonally adjusted,1982-06,2024-02,BLS PPI public API v2 (offline reviewed snapshot)
PCU331110331110,331110,Iron and steel mills and ferroalloy manufacturing,2024-03-01,267.013,Producer Price Index (index; base period varies by series),Not seasonally adjusted,1982-06,2024-03,BLS PPI public API v2 (offline reviewed snapshot)
PCU331110331110,331110,Iron and steel mills and ferroalloy manufacturing,2024-04-01,259.689,Producer Price Index (index; base period varies by series),Not seasonally adjusted,1982-06,2024-04,BLS PPI public API v2 (offline reviewed snapshot)
PCU331110331110,331110,Iron and steel mills and ferroalloy manufacturing,2024-05-01,262.449,Producer Price Index (index; base period varies by series),Not seasonally adjusted,1982-06,2024-05,BLS PPI public API v2 (offline reviewed snapshot)
PCU331110331110,331110,Iron and steel mills and ferroalloy manufacturing,2024-06-01,258.511,Producer Price Index (index; base period varies by series),Not seasonally adjusted,1982-06,2024-06,BLS PPI public API v2 (offline reviewed snapshot)
PCU331110331110,331110,Iron and steel mills and ferroalloy manufacturing,2024-07-01,250.669,Producer Price Index (index; base period varies by series),Not seasonally adjusted,1982-06,2024-07,BLS PPI public API v2 (offline reviewed snapshot)
PCU331110331110,331110,Iron and steel mills and ferroalloy manufacturing,2024-08-01,244.033,Producer Price Index (index; base period varies by series),Not seasonally adjusted,1982-06,2024-08,BLS PPI public API v2 (offline reviewed snapshot)
PCU331110331110,331110,Iron and steel mills and ferroalloy manufacturing,2024-09-01,239.142,Producer Price Index (index; base period varies by series),Not seasonally adjusted,1982-06,2024-09,BLS PPI public API v2 (offline reviewed snapshot)
PCU331110331110,331110,Iron and steel mills and ferroalloy manufacturing,2024-10-01,238.862,Producer Price Index (index; base period varies by series),Not seasonally adjusted,1982-06,2024-10,BLS PPI public API v2 (offline reviewed snapshot)
PCU331110331110,331110,Iron and steel mills and ferroalloy manufacturing,2024-11-01,243.857,Producer Price Index (index; base period varies by series),Not seasonally adjusted,1982-06,2024-11,BLS PPI public API v2 (offline reviewed snapshot)
PCU331110331110,331110,Iron and steel mills and ferroalloy manufacturing,2024-12-01,232,Producer Price Index (index; base period varies by series),Not seasonally adjusted,1982-06,2024-12,BLS PPI public API v2 (offline reviewed snapshot)
PCU331110331110,331110,Iron and steel mills and ferroalloy manufacturing,2025-01-01,226.145,Producer Price Index (index; base period varies by series),Not seasonally adjusted,1982-06,2025-01,BLS PPI public API v2 (offline reviewed snapshot)
PCU331110331110,331110,Iron and steel mills and ferroalloy manufacturing,2025-02-01,234.033,Producer Price Index (index; base period varies by series),Not seasonally adjusted,1982-06,2025-02,BLS PPI public API v2 (offline reviewed snapshot)
PCU331110331110,331110,Iron and steel mills and ferroalloy manufacturing,2025-03-01,249.217,Producer Price Index (index; base period varies by series),Not seasonally adjusted,1982-06,2025-03,BLS PPI public API v2 (offline reviewed snapshot)
PCU331110331110,331110,Iron and steel mills and ferroalloy manufacturing,2025-04-01,263.361,Producer Price Index (index; base period varies by series),Not seasonally adjusted,1982-06,2025-04,BLS PPI public API v2 (offline reviewed snapshot)
PCU331110331110,331110,Iron and steel mills and ferroalloy manufacturing,2025-05-01,289.435,Producer Price Index (index; base period varies by series),Not seasonally adjusted,1982-06,2025-05,BLS PPI public API v2 (offline reviewed snapshot)
PCU331110331110,331110,Iron and steel mills and ferroalloy manufacturing,2025-06-01,269.581,Producer Price Index (index; base period varies by series),Not seasonally adjusted,1982-06,2025-06,BLS PPI public API v2 (offline reviewed snapshot)
PCU331110331110,331110,Iron and steel mills and ferroalloy manufacturing,2025-07-01,265.706,Producer Price Index (index; base period varies by series),Not seasonally adjusted,1982-06,2025-07,BLS PPI public API v2 (offline reviewed snapshot)
PCU331110331110,331110,Iron and steel mills and ferroalloy manufacturing,2025-08-01,270.968,Producer Price Index (index; base period varies by series),Not seasonally adjusted,1982-06,2025-08,BLS PPI public API v2 (offline reviewed snapshot)
PCU331110331110,331110,Iron and steel mills and ferroalloy manufacturing,2025-09-01,267.299,Producer Price Index (index; base period varies by series),Not seasonally adjusted,1982-06,2025-09,BLS PPI public API v2 (offline reviewed snapshot)
PCU331110331110,331110,Iron and steel mills and ferroalloy manufacturing,2025-10-01,263.849,Producer Price Index (index; base period varies by series),Not seasonally adjusted,1982-06,2025-10,BLS PPI public API v2 (offline reviewed snapshot)
PCU331110331110,331110,Iron and steel mills and ferroalloy manufacturing,2025-11-01,252.464,Producer Price Index (index; base period varies by series),Not seasonally adjusted,1982-06,2025-11,BLS PPI public API v2 (offline reviewed snapshot)
PCU331110331110,331110,Iron and steel mills and ferroalloy manufacturing,2025-12-01,272.784,Producer Price Index (index; base period varies by series),Not seasonally adjusted,1982-06,2025-12,BLS PPI public API v2 (offline reviewed snapshot)
PCU331110331110,331110,Iron and steel mills and ferroalloy manufacturing,2026-01-01,274.38,Producer Price Index (index; base period varies by series),Not seasonally adjusted,1982-06,2026-01,BLS PPI public API v2 (offline reviewed snapshot)
PCU331110331110,331110,Iron and steel mills and ferroalloy manufacturing,2026-02-01,284.069,Producer Price Index (index; base period varies by series),Not seasonally adjusted,1982-06,2026-02,BLS PPI public API v2 (offline reviewed snapshot)
PCU331110331110,331110,Iron and steel mills and ferroalloy manufacturing,2026-03-01,289.944,Producer Price Index (index; base period varies by series),Not seasonally adjusted,1982-06,2026-03,BLS PPI public API v2 (offline reviewed snapshot)
PCU331110331110,331110,Iron and steel mills and ferroalloy manufacturing,2026-04-01,299.052,Producer Price Index (index; base period varies by series),Not seasonally adjusted,1982-06,2026-04,BLS PPI public API v2 (offline reviewed snapshot)
PCU331110331110,331110,Iron and steel mills and ferroalloy manufacturing,2026-05-01,306.882,Producer Price Index (index; base period varies by series),Not seasonally adjusted,1982-06,2026-05,BLS PPI public API v2 (offline reviewed snapshot)
PCU331110331110,331110,Iron and steel mills and ferroalloy manufacturing,2026-06-01,318.281,Producer Price Index (index; base period varies by series),Not seasonally adjusted,1982-06,2026-06,BLS PPI public API v2 (offline reviewed snapshot)
PCU334111334111,334111,Electronic computer manufacturing,2024-01-01,98.783,Producer Price Index (index; base period varies by series),Not seasonally adjusted,2023-02,2024-01,BLS PPI public API v2 (offline reviewed snapshot)
PCU334111334111,334111,Electronic computer manufacturing,2024-02-01,98.523,Producer Price Index (index; base period varies by series),Not seasonally adjusted,2023-02,2024-02,BLS PPI public API v2 (offline reviewed snapshot)
PCU334111334111,334111,Electronic computer manufacturing,2024-03-01,98.153,Producer Price Index (index; base period varies by series),Not seasonally adjusted,2023-02,2024-03,BLS PPI public API v2 (offline reviewed snapshot)
PCU334111334111,334111,Electronic computer manufacturing,2024-04-01,99.071,Producer Price Index (index; base period varies by series),Not seasonally adjusted,2023-02,2024-04,BLS PPI public API v2 (offline reviewed snapshot)
PCU334111334111,334111,Electronic computer manufacturing,2024-05-01,97.987,Producer Price Index (index; base period varies by series),Not seasonally adjusted,2023-02,2024-05,BLS PPI public API v2 (offline reviewed snapshot)
PCU334111334111,334111,Electronic computer manufacturing,2024-06-01,98.179,Producer Price Index (index; base period varies by series),Not seasonally adjusted,2023-02,2024-06,BLS PPI public API v2 (offline reviewed snapshot)
PCU334111334111,334111,Electronic computer manufacturing,2024-07-01,96.994,Producer Price Index (index; base period varies by series),Not seasonally adjusted,2023-02,2024-07,BLS PPI public API v2 (offline reviewed snapshot)
PCU334111334111,334111,Electronic computer manufacturing,2024-08-01,99.102,Producer Price Index (index; base period varies by series),Not seasonally adjusted,2023-02,2024-08,BLS PPI public API v2 (offline reviewed snapshot)
PCU334111334111,334111,Electronic computer manufacturing,2024-09-01,100.296,Producer Price Index (index; base period varies by series),Not seasonally adjusted,2023-02,2024-09,BLS PPI public API v2 (offline reviewed snapshot)
PCU334111334111,334111,Electronic computer manufacturing,2024-10-01,100.348,Producer Price Index (index; base period varies by series),Not seasonally adjusted,2023-02,2024-10,BLS PPI public API v2 (offline reviewed snapshot)
PCU334111334111,334111,Electronic computer manufacturing,2024-11-01,99.911,Producer Price Index (index; base period varies by series),Not seasonally adjusted,2023-02,2024-11,BLS PPI public API v2 (offline reviewed snapshot)
PCU334111334111,334111,Electronic computer manufacturing,2024-12-01,99.952,Producer Price Index (index; base period varies by series),Not seasonally adjusted,2023-02,2024-12,BLS PPI public API v2 (offline reviewed snapshot)
PCU334111334111,334111,Electronic computer manufacturing,2025-01-01,99.236,Producer Price Index (index; base period varies by series),Not seasonally adjusted,2023-02,2025-01,BLS PPI public API v2 (offline reviewed snapshot)
PCU334111334111,334111,Electronic computer manufacturing,2025-02-01,99.242,Producer Price Index (index; base period varies by series),Not seasonally adjusted,2023-02,2025-02,BLS PPI public API v2 (offline reviewed snapshot)
PCU334111334111,334111,Electronic computer manufacturing,2025-03-01,99.25,Producer Price Index (index; base period varies by series),Not seasonally adjusted,2023-02,2025-03,BLS PPI public API v2 (offline reviewed snapshot)
PCU334111334111,334111,Electronic computer manufacturing,2025-04-01,99.665,Producer Price Index (index; base period varies by series),Not seasonally adjusted,2023-02,2025-04,BLS PPI public API v2 (offline reviewed snapshot)
PCU334111334111,334111,Electronic computer manufacturing,2025-05-01,99.736,Producer Price Index (index; base period varies by series),Not seasonally adjusted,2023-02,2025-05,BLS PPI public API v2 (offline reviewed snapshot)
PCU334111334111,334111,Electronic computer manufacturing,2025-06-01,99.664,Producer Price Index (index; base period varies by series),Not seasonally adjusted,2023-02,2025-06,BLS PPI public API v2 (offline reviewed snapshot)
PCU334111334111,334111,Electronic computer manufacturing,2025-07-01,100.949,Producer Price Index (index; base period varies by series),Not seasonally adjusted,2023-02,2025-07,BLS PPI public API v2 (offline reviewed snapshot)
PCU334111334111,334111,Electronic computer manufacturing,2025-08-01,100.225,Producer Price Index (index; base period varies by series),Not seasonally adjusted,2023-02,2025-08,BLS PPI public API v2 (offline reviewed snapshot)
PCU334111334111,334111,Electronic computer manufacturing,2025-09-01,100.369,Producer Price Index (index; base period varies by series),Not seasonally adjusted,2023-02,2025-09,BLS PPI public API v2 (offline reviewed snapshot)
PCU334111334111,334111,Electronic computer manufacturing,2025-10-01,100.147,Producer Price Index (index; base period varies by series),Not seasonally adjusted,2023-02,2025-10,BLS PPI public API v2 (offline reviewed snapshot)
PCU334111334111,334111,Electronic computer manufacturing,2025-11-01,100.147,Producer Price Index (index; base period varies by series),Not seasonally adjusted,2023-02,2025-11,BLS PPI public API v2 (offline reviewed snapshot)
PCU334111334111,334111,Electronic computer manufacturing,2025-12-01,100.224,Producer Price Index (index; base period varies by series),Not seasonally adjusted,2023-02,2025-12,BLS PPI public API v2 (offline reviewed snapshot)
PCU334111334111,334111,Electronic computer manufacturing,2026-01-01,100.237,Producer Price Index (index; base period varies by series),Not seasonally adjusted,2023-02,2026-01,BLS PPI public API v2 (offline reviewed snapshot)
PCU334111334111,334111,Electronic computer manufacturing,2026-02-01,100.236,Producer Price Index (index; base period varies by series),Not seasonally adjusted,2023-02,2026-02,BLS PPI public API v2 (offline reviewed snapshot)
PCU334111334111,334111,Electronic computer manufacturing,2026-03-01,100.25,Producer Price Index (index; base period varies by series),Not seasonally adjusted,2023-02,2026-03,BLS PPI public API v2 (offline reviewed snapshot)
PCU334111334111,334111,Electronic computer manufacturing,2026-04-01,100.269,Producer Price Index (index; base period varies by series),Not seasonally adjusted,2023-02,2026-04,BLS PPI public API v2 (offline reviewed snapshot)
PCU334111334111,334111,Electronic computer manufacturing,2026-05-01,100.442,Producer Price Index (index; base period varies by series),Not seasonally adjusted,2023-02,2026-05,BLS PPI public API v2 (offline reviewed snapshot)
PCU334111334111,334111,Electronic computer manufacturing,2026-06-01,100.442,Producer Price Index (index; base period varies by series),Not seasonally adjusted,2023-02,2026-06,BLS PPI public API v2 (offline reviewed snapshot)
PCU336110336110,336110,"Automobile, light truck, and utility vehicle manufacturing",2024-01-01,168.849,Producer Price Index (index; base period varies by series),Not seasonally adjusted,1982-06,2024-01,BLS PPI public API v2 (offline reviewed snapshot)
PCU336110336110,336110,"Automobile, light truck, and utility vehicle manufacturing",2024-02-01,169.17,Producer Price Index (index; base period varies by series),Not seasonally adjusted,1982-06,2024-02,BLS PPI public API v2 (offline reviewed snapshot)
PCU336110336110,336110,"Automobile, light truck, and utility vehicle manufacturing",2024-03-01,169.054,Producer Price Index (index; base period varies by series),Not seasonally adjusted,1982-06,2024-03,BLS PPI public API v2 (offline reviewed snapshot)
PCU336110336110,336110,"Automobile, light truck, and utility vehicle manufacturing",2024-04-01,168.815,Producer Price Index (index; base period varies by series),Not seasonally adjusted,1982-06,2024-04,BLS PPI public API v2 (offline reviewed snapshot)
PCU336110336110,336110,"Automobile, light truck, and utility vehicle manufacturing",2024-05-01,168.441,Producer Price Index (index; base period varies by series),Not seasonally adjusted,1982-06,2024-05,BLS PPI public API v2 (offline reviewed snapshot)
PCU336110336110,336110,"Automobile, light truck, and utility vehicle manufacturing",2024-06-01,168.731,Producer Price Index (index; base period varies by series),Not seasonally adjusted,1982-06,2024-06,BLS PPI public API v2 (offline reviewed snapshot)
PCU336110336110,336110,"Automobile, light truck, and utility vehicle manufacturing",2024-07-01,168.798,Producer Price Index (index; base period varies by series),Not seasonally adjusted,1982-06,2024-07,BLS PPI public API v2 (offline reviewed snapshot)
PCU336110336110,336110,"Automobile, light truck, and utility vehicle manufacturing",2024-08-01,168.839,Producer Price Index (index; base period varies by series),Not seasonally adjusted,1982-06,2024-08,BLS PPI public API v2 (offline reviewed snapshot)
PCU336110336110,336110,"Automobile, light truck, and utility vehicle manufacturing",2024-09-01,168.802,Producer Price Index (index; base period varies by series),Not seasonally adjusted,1982-06,2024-09,BLS PPI public API v2 (offline reviewed snapshot)
PCU336110336110,336110,"Automobile, light truck, and utility vehicle manufacturing",2024-10-01,170.619,Producer Price Index (index; base period varies by series),Not seasonally adjusted,1982-06,2024-10,BLS PPI public API v2 (offline reviewed snapshot)
PCU336110336110,336110,"Automobile, light truck, and utility vehicle manufacturing",2024-11-01,171.297,Producer Price Index (index; base period varies by series),Not seasonally adjusted,1982-06,2024-11,BLS PPI public API v2 (offline reviewed snapshot)
PCU336110336110,336110,"Automobile, light truck, and utility vehicle manufacturing",2024-12-01,171.96,Producer Price Index (index; base period varies by series),Not seasonally adjusted,1982-06,2024-12,BLS PPI public API v2 (offline reviewed snapshot)
PCU336110336110,336110,"Automobile, light truck, and utility vehicle manufacturing",2025-01-01,172.016,Producer Price Index (index; base period varies by series),Not seasonally adjusted,1982-06,2025-01,BLS PPI public API v2 (offline reviewed snapshot)
PCU336110336110,336110,"Automobile, light truck, and utility vehicle manufacturing",2025-02-01,172.28,Producer Price Index (index; base period varies by series),Not seasonally adjusted,1982-06,2025-02,BLS PPI public API v2 (offline reviewed snapshot)
PCU336110336110,336110,"Automobile, light truck, and utility vehicle manufacturing",2025-03-01,172.205,Producer Price Index (index; base period varies by series),Not seasonally adjusted,1982-06,2025-03,BLS PPI public API v2 (offline reviewed snapshot)
PCU336110336110,336110,"Automobile, light truck, and utility vehicle manufacturing",2025-04-01,171.819,Producer Price Index (index; base period varies by series),Not seasonally adjusted,1982-06,2025-04,BLS PPI public API v2 (offline reviewed snapshot)
PCU336110336110,336110,"Automobile, light truck, and utility vehicle manufacturing",2025-05-01,171.739,Producer Price Index (index; base period varies by series),Not seasonally adjusted,1982-06,2025-05,BLS PPI public API v2 (offline reviewed snapshot)
PCU336110336110,336110,"Automobile, light truck, and utility vehicle manufacturing",2025-06-01,171.846,Producer Price Index (index; base period varies by series),Not seasonally adjusted,1982-06,2025-06,BLS PPI public API v2 (offline reviewed snapshot)
PCU336110336110,336110,"Automobile, light truck, and utility vehicle manufacturing",2025-07-01,171.722,Producer Price Index (index; base period varies by series),Not seasonally adjusted,1982-06,2025-07,BLS PPI public API v2 (offline reviewed snapshot)
PCU336110336110,336110,"Automobile, light truck, and utility vehicle manufacturing",2025-08-01,171.756,Producer Price Index (index; base period varies by series),Not seasonally adjusted,1982-06,2025-08,BLS PPI public API v2 (offline reviewed snapshot)
PCU336110336110,336110,"Automobile, light truck, and utility vehicle manufacturing",2025-09-01,171.403,Producer Price Index (index; base period varies by series),Not seasonally adjusted,1982-06,2025-09,BLS PPI public API v2 (offline reviewed snapshot)
PCU336110336110,336110,"Automobile, light truck, and utility vehicle manufacturing",2025-10-01,173.259,Producer Price Index (index; base period varies by series),Not seasonally adjusted,1982-06,2025-10,BLS PPI public API v2 (offline reviewed snapshot)
PCU336110336110,336110,"Automobile, light truck, and utility vehicle manufacturing",2025-11-01,173.786,Producer Price Index (index; base period varies by series),Not seasonally adjusted,1982-06,2025-11,BLS PPI public API v2 (offline reviewed snapshot)
PCU336110336110,336110,"Automobile, light truck, and utility vehicle manufacturing",2025-12-01,174.613,Producer Price Index (index; base period varies by series),Not seasonally adjusted,1982-06,2025-12,BLS PPI public API v2 (offline reviewed snapshot)
PCU336110336110,336110,"Automobile, light truck, and utility vehicle manufacturing",2026-01-01,174.54,Producer Price Index (index; base period varies by series),Not seasonally adjusted,1982-06,2026-01,BLS PPI public API v2 (offline reviewed snapshot)
PCU336110336110,336110,"Automobile, light truck, and utility vehicle manufacturing",2026-02-01,174.677,Producer Price Index (index; base period varies by series),Not seasonally adjusted,1982-06,2026-02,BLS PPI public API v2 (offline reviewed snapshot)
PCU336110336110,336110,"Automobile, light truck, and utility vehicle manufacturing",2026-03-01,174.724,Producer Price Index (index; base period varies by series),Not seasonally adjusted,1982-06,2026-03,BLS PPI public API v2 (offline reviewed snapshot)
PCU336110336110,336110,"Automobile, light truck, and utility vehicle manufacturing",2026-04-01,174.891,Producer Price Index (index; base period varies by series),Not seasonally adjusted,1982-06,2026-04,BLS PPI public API v2 (offline reviewed snapshot)
PCU336110336110,336110,"Automobile, light truck, and utility vehicle manufacturing",2026-05-01,174.742,Producer Price Index (index; base period varies by series),Not seasonally adjusted,1982-06,2026-05,BLS PPI public API v2 (offline reviewed snapshot)
PCU336110336110,336110,"Automobile, light truck, and utility vehicle manufacturing",2026-06-01,174.535,Producer Price Index (index; base period varies by series),Not seasonally adjusted,1982-06,2026-06,BLS PPI public API v2 (offline reviewed snapshot)
